
> Configure project :app
app: 'annotationProcessor' dependencies won't be recognized as kapt annotation processors. Please change the configuration name to 'kapt' for these artifacts: 'com.jakewharton:butterknife-compiler:10.2.3', 'com.github.bumptech.glide:compiler:4.16.0'.

> Task :clean UP-TO-DATE
> Task :app:clean
> Task :app:preBuild UP-TO-DATE
> Task :app:preDebugBuild UP-TO-DATE
> Task :app:mergeDebugNativeDebugMetadata NO-SOURCE
> Task :app:checkKotlinGradlePluginConfigurationErrors SKIPPED
> Task :app:dataBindingMergeDependencyArtifactsDebug
> Task :app:generateDebugResValues FROM-CACHE
> Task :app:generateDebugResources
> Task :app:processDebugGoogleServices FROM-CACHE
> Task :app:dataBindingTriggerDebug
> Task :app:mapDebugSourceSetPaths
> Task :app:createDebugCompatibleScreenManifests
> Task :app:extractDeepLinksDebug FROM-CACHE
> Task :app:processDebugMainManifest FROM-CACHE
> Task :app:processDebugManifest FROM-CACHE
> Task :app:processDebugManifestForPackage FROM-CACHE
> Task :app:checkDebugAarMetadata
> Task :app:javaPreCompileDebug FROM-CACHE
> Task :app:mergeDebugShaders
> Task :app:compileDebugShaders NO-SOURCE
> Task :app:generateDebugAssets UP-TO-DATE
> Task :app:mergeDebugAssets
> Task :app:compressDebugAssets FROM-CACHE
> Task :app:desugarDebugFileDependencies FROM-CACHE
> Task :app:mergeDebugJniLibFolders
> Task :app:validateSigningDebug
> Task :app:writeDebugAppMetadata
> Task :app:writeDebugSigningConfigVersions
> Task :app:checkDebugDuplicateClasses
> Task :app:mergeDebugNativeLibs
> Task :app:mergeExtDexDebug FROM-CACHE
> Task :app:mergeLibDexDebug FROM-CACHE

> Task :app:stripDebugDebugSymbols
Unable to strip the following libraries, packaging them as they are: libandroidx.graphics.path.so, libc++_shared.so, libjniPdfium.so, libmodft2.so, libmodpdfium.so, libmodpng.so.

> Task :app:mergeDebugResources
> Task :app:dataBindingGenBaseClassesDebug
> Task :app:processDebugResources
> Task :app:kaptGenerateStubsDebugKotlin
w: Kapt currently doesn't support language version 2.0+. Falling back to 1.9.

> Task :app:kaptDebugKotlin
[WARN] 
Running non-incrementally because analyzing file:///Users/sureshbalasubramanian/Documents/Projects.nosync/Android_enKarma/enKarma/app/build/tmp/kapt3/stubs/debug/com/karma/sureshtrb/enKarma/RowDataAdapter.java failed.

> Task :app:compileDebugKotlin
e: file:///Users/sureshbalasubramanian/Documents/Projects.nosync/Android_enKarma/enKarma/app/src/main/java/com/karma/sureshtrb/enKarma/AmavasyaTharpanam.kt:2609:17 Unresolved reference 'amavasyaTPNMTextView'.
e: file:///Users/sureshbalasubramanian/Documents/Projects.nosync/Android_enKarma/enKarma/app/src/main/java/com/karma/sureshtrb/enKarma/AmavasyaTharpanam.kt:2611:17 Unresolved reference 'amavasyaTPNMTextView'.
e: file:///Users/sureshbalasubramanian/Documents/Projects.nosync/Android_enKarma/enKarma/app/src/main/java/com/karma/sureshtrb/enKarma/AmavasyaTharpanam.kt:2612:37 Unresolved reference 'amavasyaTPNMTextView'.
e: file:///Users/sureshbalasubramanian/Documents/Projects.nosync/Android_enKarma/enKarma/app/src/main/java/com/karma/sureshtrb/enKarma/AmavasyaTharpanam.kt:2617:37 Unresolved reference 'amavasyaTPNMTextView'.
e: file:///Users/sureshbalasubramanian/Documents/Projects.nosync/Android_enKarma/enKarma/app/src/main/java/com/karma/sureshtrb/enKarma/AmavasyaTharpanam.kt:2626:38 Unresolved reference 'amavasyaTPNMTextView'.
e: file:///Users/sureshbalasubramanian/Documents/Projects.nosync/Android_enKarma/enKarma/app/src/main/java/com/karma/sureshtrb/enKarma/AmavasyaTharpanam.kt:2670:62 Unresolved reference 'masterdouble'.
e: file:///Users/sureshbalasubramanian/Documents/Projects.nosync/Android_enKarma/enKarma/app/src/main/java/com/karma/sureshtrb/enKarma/AmavasyaTharpanam.kt:2672:25 Unresolved reference 'amavasyaTPNMTextView'.
e: file:///Users/sureshbalasubramanian/Documents/Projects.nosync/Android_enKarma/enKarma/app/src/main/java/com/karma/sureshtrb/enKarma/App.kt:9:42 Unresolved reference 'settings'.
e: file:///Users/sureshbalasubramanian/Documents/Projects.nosync/Android_enKarma/enKarma/app/src/main/java/com/karma/sureshtrb/enKarma/App.kt:32:52 Unresolved reference 'settings'.
e: file:///Users/sureshbalasubramanian/Documents/Projects.nosync/Android_enKarma/enKarma/app/src/main/java/com/karma/sureshtrb/enKarma/App.kt:32:63 Unresolved reference 'isPersistenceEnabled'.
e: file:///Users/sureshbalasubramanian/Documents/Projects.nosync/Android_enKarma/enKarma/app/src/main/java/com/karma/sureshtrb/enKarma/DeceasedListActivity.kt:107:9 Unresolved reference 'updateViews'.
e: file:///Users/sureshbalasubramanian/Documents/Projects.nosync/Android_enKarma/enKarma/app/src/main/java/com/karma/sureshtrb/enKarma/DeceasedListActivity.kt:260:31 Unresolved reference 'clear'.
e: file:///Users/sureshbalasubramanian/Documents/Projects.nosync/Android_enKarma/enKarma/app/src/main/java/com/karma/sureshtrb/enKarma/FurtherDetailsActivity.kt:138:17 Unresolved reference 'addRelatives'.
e: file:///Users/sureshbalasubramanian/Documents/Projects.nosync/Android_enKarma/enKarma/app/src/main/java/com/karma/sureshtrb/enKarma/MahalayaTpnmActivity.kt:23:16 Unresolved reference 'android'.
e: file:///Users/sureshbalasubramanian/Documents/Projects.nosync/Android_enKarma/enKarma/app/src/main/java/com/karma/sureshtrb/enKarma/MahalayaTpnmActivity.kt:904:12 Unresolved reference 'Gndr1'.
e: file:///Users/sureshbalasubramanian/Documents/Projects.nosync/Android_enKarma/enKarma/app/src/main/java/com/karma/sureshtrb/enKarma/MahalayaTpnmActivity.kt:906:12 Unresolved reference 'Gndr2'.
e: file:///Users/sureshbalasubramanian/Documents/Projects.nosync/Android_enKarma/enKarma/app/src/main/java/com/karma/sureshtrb/enKarma/MahalayaTpnmActivity.kt:908:12 Unresolved reference 'Gndr3'.
e: file:///Users/sureshbalasubramanian/Documents/Projects.nosync/Android_enKarma/enKarma/app/src/main/java/com/karma/sureshtrb/enKarma/MahalayaTpnmActivity.kt:910:12 Unresolved reference 'Gndr4'.
e: file:///Users/sureshbalasubramanian/Documents/Projects.nosync/Android_enKarma/enKarma/app/src/main/java/com/karma/sureshtrb/enKarma/MahalayaTpnmActivity.kt:912:12 Unresolved reference 'Gndr5'.
e: file:///Users/sureshbalasubramanian/Documents/Projects.nosync/Android_enKarma/enKarma/app/src/main/java/com/karma/sureshtrb/enKarma/MahalayaTpnmActivity.kt:914:12 Unresolved reference 'Gndr6'.
e: file:///Users/sureshbalasubramanian/Documents/Projects.nosync/Android_enKarma/enKarma/app/src/main/java/com/karma/sureshtrb/enKarma/MahalayaTpnmActivity.kt:916:12 Unresolved reference 'Gndr7'.
e: file:///Users/sureshbalasubramanian/Documents/Projects.nosync/Android_enKarma/enKarma/app/src/main/java/com/karma/sureshtrb/enKarma/MahalayaTpnmActivity.kt:918:12 Unresolved reference 'Gndr8'.
e: file:///Users/sureshbalasubramanian/Documents/Projects.nosync/Android_enKarma/enKarma/app/src/main/java/com/karma/sureshtrb/enKarma/MahalayaTpnmActivity.kt:920:12 Unresolved reference 'Gndr9'.
e: file:///Users/sureshbalasubramanian/Documents/Projects.nosync/Android_enKarma/enKarma/app/src/main/java/com/karma/sureshtrb/enKarma/MahalayaTpnmActivity.kt:922:12 Unresolved reference 'Gndr10'.
e: file:///Users/sureshbalasubramanian/Documents/Projects.nosync/Android_enKarma/enKarma/app/src/main/java/com/karma/sureshtrb/enKarma/MahalayaTpnmActivity.kt:924:12 Unresolved reference 'Gndr11'.
e: file:///Users/sureshbalasubramanian/Documents/Projects.nosync/Android_enKarma/enKarma/app/src/main/java/com/karma/sureshtrb/enKarma/MahalayaTpnmActivity.kt:926:12 Unresolved reference 'Gndr12'.
e: file:///Users/sureshbalasubramanian/Documents/Projects.nosync/Android_enKarma/enKarma/app/src/main/java/com/karma/sureshtrb/enKarma/MahalayaTpnmActivity.kt:928:12 Unresolved reference 'Gndr13'.
e: file:///Users/sureshbalasubramanian/Documents/Projects.nosync/Android_enKarma/enKarma/app/src/main/java/com/karma/sureshtrb/enKarma/MahalayaTpnmActivity.kt:930:12 Unresolved reference 'Gndr14'.
e: file:///Users/sureshbalasubramanian/Documents/Projects.nosync/Android_enKarma/enKarma/app/src/main/java/com/karma/sureshtrb/enKarma/MahalayaTpnmActivity.kt:932:12 Unresolved reference 'Gndr15'.
e: file:///Users/sureshbalasubramanian/Documents/Projects.nosync/Android_enKarma/enKarma/app/src/main/java/com/karma/sureshtrb/enKarma/MahalayaTpnmActivity.kt:966:9 Unresolved reference 'Gndr1'.
e: file:///Users/sureshbalasubramanian/Documents/Projects.nosync/Android_enKarma/enKarma/app/src/main/java/com/karma/sureshtrb/enKarma/MahalayaTpnmActivity.kt:967:9 Unresolved reference 'Gndr2'.
e: file:///Users/sureshbalasubramanian/Documents/Projects.nosync/Android_enKarma/enKarma/app/src/main/java/com/karma/sureshtrb/enKarma/MahalayaTpnmActivity.kt:968:9 Unresolved reference 'Gndr3'.
e: file:///Users/sureshbalasubramanian/Documents/Projects.nosync/Android_enKarma/enKarma/app/src/main/java/com/karma/sureshtrb/enKarma/MahalayaTpnmActivity.kt:969:9 Unresolved reference 'Gndr4'.
e: file:///Users/sureshbalasubramanian/Documents/Projects.nosync/Android_enKarma/enKarma/app/src/main/java/com/karma/sureshtrb/enKarma/MahalayaTpnmActivity.kt:970:9 Unresolved reference 'Gndr5'.
e: file:///Users/sureshbalasubramanian/Documents/Projects.nosync/Android_enKarma/enKarma/app/src/main/java/com/karma/sureshtrb/enKarma/MahalayaTpnmActivity.kt:971:9 Unresolved reference 'Gndr6'.
e: file:///Users/sureshbalasubramanian/Documents/Projects.nosync/Android_enKarma/enKarma/app/src/main/java/com/karma/sureshtrb/enKarma/MahalayaTpnmActivity.kt:972:9 Unresolved reference 'Gndr7'.
e: file:///Users/sureshbalasubramanian/Documents/Projects.nosync/Android_enKarma/enKarma/app/src/main/java/com/karma/sureshtrb/enKarma/MahalayaTpnmActivity.kt:973:9 Unresolved reference 'Gndr8'.
e: file:///Users/sureshbalasubramanian/Documents/Projects.nosync/Android_enKarma/enKarma/app/src/main/java/com/karma/sureshtrb/enKarma/MahalayaTpnmActivity.kt:974:9 Unresolved reference 'Gndr9'.
e: file:///Users/sureshbalasubramanian/Documents/Projects.nosync/Android_enKarma/enKarma/app/src/main/java/com/karma/sureshtrb/enKarma/MahalayaTpnmActivity.kt:975:9 Unresolved reference 'Gndr10'.
e: file:///Users/sureshbalasubramanian/Documents/Projects.nosync/Android_enKarma/enKarma/app/src/main/java/com/karma/sureshtrb/enKarma/MahalayaTpnmActivity.kt:976:9 Unresolved reference 'Gndr11'.
e: file:///Users/sureshbalasubramanian/Documents/Projects.nosync/Android_enKarma/enKarma/app/src/main/java/com/karma/sureshtrb/enKarma/MahalayaTpnmActivity.kt:977:9 Unresolved reference 'Gndr12'.
e: file:///Users/sureshbalasubramanian/Documents/Projects.nosync/Android_enKarma/enKarma/app/src/main/java/com/karma/sureshtrb/enKarma/MahalayaTpnmActivity.kt:978:9 Unresolved reference 'Gndr13'.
e: file:///Users/sureshbalasubramanian/Documents/Projects.nosync/Android_enKarma/enKarma/app/src/main/java/com/karma/sureshtrb/enKarma/MahalayaTpnmActivity.kt:979:9 Unresolved reference 'Gndr14'.
e: file:///Users/sureshbalasubramanian/Documents/Projects.nosync/Android_enKarma/enKarma/app/src/main/java/com/karma/sureshtrb/enKarma/MahalayaTpnmActivity.kt:980:9 Unresolved reference 'Gndr15'.
e: file:///Users/sureshbalasubramanian/Documents/Projects.nosync/Android_enKarma/enKarma/app/src/main/java/com/karma/sureshtrb/enKarma/MahalayaTpnmActivity.kt:987:32 Unresolved reference 'Gndr1'.
e: file:///Users/sureshbalasubramanian/Documents/Projects.nosync/Android_enKarma/enKarma/app/src/main/java/com/karma/sureshtrb/enKarma/MahalayaTpnmActivity.kt:988:33 Unresolved reference 'Gndr15'.
e: file:///Users/sureshbalasubramanian/Documents/Projects.nosync/Android_enKarma/enKarma/app/src/main/java/com/karma/sureshtrb/enKarma/MahalayaTpnmActivity.kt:1031:9 Unresolved reference 'MahalayaTPNMTextView'.
e: file:///Users/sureshbalasubramanian/Documents/Projects.nosync/Android_enKarma/enKarma/app/src/main/java/com/karma/sureshtrb/enKarma/MahalayaTpnmActivity.kt:1267:31 Unresolved reference 'MahalayaTPNMTextView'.
e: file:///Users/sureshbalasubramanian/Documents/Projects.nosync/Android_enKarma/enKarma/app/src/main/java/com/karma/sureshtrb/enKarma/MahalayaTpnmActivity.kt:1269:29 Unresolved reference 'MahalayaTPNMTextView'.
e: file:///Users/sureshbalasubramanian/Documents/Projects.nosync/Android_enKarma/enKarma/app/src/main/java/com/karma/sureshtrb/enKarma/MahalayaTpnmActivity.kt:1272:47 Overload resolution ambiguity between candidates:
fun String?.plus(other: Any?): String
fun <T> Array<T>.plus(element: T): Array<T>
fun DoubleArray.plus(element: Double): DoubleArray
fun <T> Collection<T>.plus(element: T): List<T>
fun <T> Iterable<T>.plus(element: T): List<T>
fun <T> Set<T>.plus(element: T): Set<T>
fun <T> Sequence<T>.plus(element: T): Sequence<T>
e: file:///Users/sureshbalasubramanian/Documents/Projects.nosync/Android_enKarma/enKarma/app/src/main/java/com/karma/sureshtrb/enKarma/MahalayaTpnmActivity.kt:1272:55 None of the following candidates is applicable:
fun BigDecimal.div(other: BigDecimal): BigDecimal
fun BigInteger.div(other: BigInteger): BigInteger
e: file:///Users/sureshbalasubramanian/Documents/Projects.nosync/Android_enKarma/enKarma/app/src/main/java/com/karma/sureshtrb/enKarma/MahalayaTpnmActivity.kt:1272:64 None of the following candidates is applicable:
fun BigDecimal.times(other: BigDecimal): BigDecimal
fun BigInteger.times(other: BigInteger): BigInteger
e: file:///Users/sureshbalasubramanian/Documents/Projects.nosync/Android_enKarma/enKarma/app/src/main/java/com/karma/sureshtrb/enKarma/MahalayaTpnmActivity.kt:1276:30 Unresolved reference 'MahalayaTPNMTextView'.
e: file:///Users/sureshbalasubramanian/Documents/Projects.nosync/Android_enKarma/enKarma/app/src/main/java/com/karma/sureshtrb/enKarma/MahalayaTpnmActivity.kt:1278:32 Unresolved reference 'MahalayaTPNMTextView'.
e: file:///Users/sureshbalasubramanian/Documents/Projects.nosync/Android_enKarma/enKarma/app/src/main/java/com/karma/sureshtrb/enKarma/MahalayaTpnmActivity.kt:1280:32 Unresolved reference 'MahalayaTPNMTextView'.
e: file:///Users/sureshbalasubramanian/Documents/Projects.nosync/Android_enKarma/enKarma/app/src/main/java/com/karma/sureshtrb/enKarma/MahalayaTpnmActivity.kt:1285:30 Unresolved reference 'MahalayaTPNMTextView'.
e: file:///Users/sureshbalasubramanian/Documents/Projects.nosync/Android_enKarma/enKarma/app/src/main/java/com/karma/sureshtrb/enKarma/MahalayaTpnmActivity.kt:1287:32 Unresolved reference 'MahalayaTPNMTextView'.
e: file:///Users/sureshbalasubramanian/Documents/Projects.nosync/Android_enKarma/enKarma/app/src/main/java/com/karma/sureshtrb/enKarma/MahalayaTpnmActivity.kt:1289:32 Unresolved reference 'MahalayaTPNMTextView'.
e: file:///Users/sureshbalasubramanian/Documents/Projects.nosync/Android_enKarma/enKarma/app/src/main/java/com/karma/sureshtrb/enKarma/MahalayaTpnmActivity.kt:1293:34 Unresolved reference 'MahalayaTPNMTextView'.
e: file:///Users/sureshbalasubramanian/Documents/Projects.nosync/Android_enKarma/enKarma/app/src/main/java/com/karma/sureshtrb/enKarma/MahalayaTpnmActivity.kt:1294:32 Unresolved reference 'MahalayaTPNMTextView'.
e: file:///Users/sureshbalasubramanian/Documents/Projects.nosync/Android_enKarma/enKarma/app/src/main/java/com/karma/sureshtrb/enKarma/MahalayaTpnmActivity.kt:1296:34 Unresolved reference 'MahalayaTPNMTextView'.
e: file:///Users/sureshbalasubramanian/Documents/Projects.nosync/Android_enKarma/enKarma/app/src/main/java/com/karma/sureshtrb/enKarma/MahalayaTpnmActivity.kt:1297:32 Unresolved reference 'MahalayaTPNMTextView'.
e: file:///Users/sureshbalasubramanian/Documents/Projects.nosync/Android_enKarma/enKarma/app/src/main/java/com/karma/sureshtrb/enKarma/MahalayaTpnmActivity.kt:1302:30 Unresolved reference 'MahalayaTPNMTextView'.
e: file:///Users/sureshbalasubramanian/Documents/Projects.nosync/Android_enKarma/enKarma/app/src/main/java/com/karma/sureshtrb/enKarma/MahalayaTpnmActivity.kt:1304:32 Unresolved reference 'MahalayaTPNMTextView'.
e: file:///Users/sureshbalasubramanian/Documents/Projects.nosync/Android_enKarma/enKarma/app/src/main/java/com/karma/sureshtrb/enKarma/MahalayaTpnmActivity.kt:1306:32 Unresolved reference 'MahalayaTPNMTextView'.
e: file:///Users/sureshbalasubramanian/Documents/Projects.nosync/Android_enKarma/enKarma/app/src/main/java/com/karma/sureshtrb/enKarma/MahalayaTpnmActivity.kt:1308:32 Unresolved reference 'MahalayaTPNMTextView'.
e: file:///Users/sureshbalasubramanian/Documents/Projects.nosync/Android_enKarma/enKarma/app/src/main/java/com/karma/sureshtrb/enKarma/MahalayaTpnmActivity.kt:1310:34 Unresolved reference 'MahalayaTPNMTextView'.
e: file:///Users/sureshbalasubramanian/Documents/Projects.nosync/Android_enKarma/enKarma/app/src/main/java/com/karma/sureshtrb/enKarma/MahalayaTpnmActivity.kt:1311:32 Unresolved reference 'MahalayaTPNMTextView'.
e: file:///Users/sureshbalasubramanian/Documents/Projects.nosync/Android_enKarma/enKarma/app/src/main/java/com/karma/sureshtrb/enKarma/MahalayaTpnmActivity.kt:1313:34 Unresolved reference 'MahalayaTPNMTextView'.
e: file:///Users/sureshbalasubramanian/Documents/Projects.nosync/Android_enKarma/enKarma/app/src/main/java/com/karma/sureshtrb/enKarma/MahalayaTpnmActivity.kt:1314:32 Unresolved reference 'MahalayaTPNMTextView'.
e: file:///Users/sureshbalasubramanian/Documents/Projects.nosync/Android_enKarma/enKarma/app/src/main/java/com/karma/sureshtrb/enKarma/MahalayaTpnmActivity.kt:1318:34 Unresolved reference 'MahalayaTPNMTextView'.
e: file:///Users/sureshbalasubramanian/Documents/Projects.nosync/Android_enKarma/enKarma/app/src/main/java/com/karma/sureshtrb/enKarma/MahalayaTpnmActivity.kt:1319:32 Unresolved reference 'MahalayaTPNMTextView'.
e: file:///Users/sureshbalasubramanian/Documents/Projects.nosync/Android_enKarma/enKarma/app/src/main/java/com/karma/sureshtrb/enKarma/MahalayaTpnmActivity.kt:1321:34 Unresolved reference 'MahalayaTPNMTextView'.
e: file:///Users/sureshbalasubramanian/Documents/Projects.nosync/Android_enKarma/enKarma/app/src/main/java/com/karma/sureshtrb/enKarma/MahalayaTpnmActivity.kt:1322:32 Unresolved reference 'MahalayaTPNMTextView'.
e: file:///Users/sureshbalasubramanian/Documents/Projects.nosync/Android_enKarma/enKarma/app/src/main/java/com/karma/sureshtrb/enKarma/MahalayaTpnmActivity.kt:1327:30 Unresolved reference 'MahalayaTPNMTextView'.
e: file:///Users/sureshbalasubramanian/Documents/Projects.nosync/Android_enKarma/enKarma/app/src/main/java/com/karma/sureshtrb/enKarma/MahalayaTpnmActivity.kt:1329:32 Unresolved reference 'MahalayaTPNMTextView'.
e: file:///Users/sureshbalasubramanian/Documents/Projects.nosync/Android_enKarma/enKarma/app/src/main/java/com/karma/sureshtrb/enKarma/MahalayaTpnmActivity.kt:1331:32 Unresolved reference 'MahalayaTPNMTextView'.
e: file:///Users/sureshbalasubramanian/Documents/Projects.nosync/Android_enKarma/enKarma/app/src/main/java/com/karma/sureshtrb/enKarma/MahalayaTpnmActivity.kt:1335:34 Unresolved reference 'MahalayaTPNMTextView'.
e: file:///Users/sureshbalasubramanian/Documents/Projects.nosync/Android_enKarma/enKarma/app/src/main/java/com/karma/sureshtrb/enKarma/MahalayaTpnmActivity.kt:1336:32 Unresolved reference 'MahalayaTPNMTextView'.
e: file:///Users/sureshbalasubramanian/Documents/Projects.nosync/Android_enKarma/enKarma/app/src/main/java/com/karma/sureshtrb/enKarma/MahalayaTpnmActivity.kt:1338:34 Unresolved reference 'MahalayaTPNMTextView'.
e: file:///Users/sureshbalasubramanian/Documents/Projects.nosync/Android_enKarma/enKarma/app/src/main/java/com/karma/sureshtrb/enKarma/MahalayaTpnmActivity.kt:1339:32 Unresolved reference 'MahalayaTPNMTextView'.
e: file:///Users/sureshbalasubramanian/Documents/Projects.nosync/Android_enKarma/enKarma/app/src/main/java/com/karma/sureshtrb/enKarma/MahalayaTpnmActivity.kt:1343:34 Unresolved reference 'MahalayaTPNMTextView'.
e: file:///Users/sureshbalasubramanian/Documents/Projects.nosync/Android_enKarma/enKarma/app/src/main/java/com/karma/sureshtrb/enKarma/MahalayaTpnmActivity.kt:1344:32 Unresolved reference 'MahalayaTPNMTextView'.
e: file:///Users/sureshbalasubramanian/Documents/Projects.nosync/Android_enKarma/enKarma/app/src/main/java/com/karma/sureshtrb/enKarma/MahalayaTpnmActivity.kt:1346:34 Unresolved reference 'MahalayaTPNMTextView'.
e: file:///Users/sureshbalasubramanian/Documents/Projects.nosync/Android_enKarma/enKarma/app/src/main/java/com/karma/sureshtrb/enKarma/MahalayaTpnmActivity.kt:1347:32 Unresolved reference 'MahalayaTPNMTextView'.
e: file:///Users/sureshbalasubramanian/Documents/Projects.nosync/Android_enKarma/enKarma/app/src/main/java/com/karma/sureshtrb/enKarma/MahalayaTpnmActivity.kt:1351:34 Unresolved reference 'MahalayaTPNMTextView'.
e: file:///Users/sureshbalasubramanian/Documents/Projects.nosync/Android_enKarma/enKarma/app/src/main/java/com/karma/sureshtrb/enKarma/MahalayaTpnmActivity.kt:1352:32 Unresolved reference 'MahalayaTPNMTextView'.
e: file:///Users/sureshbalasubramanian/Documents/Projects.nosync/Android_enKarma/enKarma/app/src/main/java/com/karma/sureshtrb/enKarma/MahalayaTpnmActivity.kt:1354:34 Unresolved reference 'MahalayaTPNMTextView'.
e: file:///Users/sureshbalasubramanian/Documents/Projects.nosync/Android_enKarma/enKarma/app/src/main/java/com/karma/sureshtrb/enKarma/MahalayaTpnmActivity.kt:1355:32 Unresolved reference 'MahalayaTPNMTextView'.
e: file:///Users/sureshbalasubramanian/Documents/Projects.nosync/Android_enKarma/enKarma/app/src/main/java/com/karma/sureshtrb/enKarma/MahalayaTpnmActivity.kt:1360:30 Unresolved reference 'MahalayaTPNMTextView'.
e: file:///Users/sureshbalasubramanian/Documents/Projects.nosync/Android_enKarma/enKarma/app/src/main/java/com/karma/sureshtrb/enKarma/MahalayaTpnmActivity.kt:1362:32 Unresolved reference 'MahalayaTPNMTextView'.
e: file:///Users/sureshbalasubramanian/Documents/Projects.nosync/Android_enKarma/enKarma/app/src/main/java/com/karma/sureshtrb/enKarma/MahalayaTpnmActivity.kt:1364:32 Unresolved reference 'MahalayaTPNMTextView'.
e: file:///Users/sureshbalasubramanian/Documents/Projects.nosync/Android_enKarma/enKarma/app/src/main/java/com/karma/sureshtrb/enKarma/MahalayaTpnmActivity.kt:1368:34 Unresolved reference 'MahalayaTPNMTextView'.
e: file:///Users/sureshbalasubramanian/Documents/Projects.nosync/Android_enKarma/enKarma/app/src/main/java/com/karma/sureshtrb/enKarma/MahalayaTpnmActivity.kt:1369:32 Unresolved reference 'MahalayaTPNMTextView'.
e: file:///Users/sureshbalasubramanian/Documents/Projects.nosync/Android_enKarma/enKarma/app/src/main/java/com/karma/sureshtrb/enKarma/MahalayaTpnmActivity.kt:1371:34 Unresolved reference 'MahalayaTPNMTextView'.
e: file:///Users/sureshbalasubramanian/Documents/Projects.nosync/Android_enKarma/enKarma/app/src/main/java/com/karma/sureshtrb/enKarma/MahalayaTpnmActivity.kt:1372:32 Unresolved reference 'MahalayaTPNMTextView'.
e: file:///Users/sureshbalasubramanian/Documents/Projects.nosync/Android_enKarma/enKarma/app/src/main/java/com/karma/sureshtrb/enKarma/MahalayaTpnmActivity.kt:1376:34 Unresolved reference 'MahalayaTPNMTextView'.
e: file:///Users/sureshbalasubramanian/Documents/Projects.nosync/Android_enKarma/enKarma/app/src/main/java/com/karma/sureshtrb/enKarma/MahalayaTpnmActivity.kt:1377:32 Unresolved reference 'MahalayaTPNMTextView'.
e: file:///Users/sureshbalasubramanian/Documents/Projects.nosync/Android_enKarma/enKarma/app/src/main/java/com/karma/sureshtrb/enKarma/MahalayaTpnmActivity.kt:1379:34 Unresolved reference 'MahalayaTPNMTextView'.
e: file:///Users/sureshbalasubramanian/Documents/Projects.nosync/Android_enKarma/enKarma/app/src/main/java/com/karma/sureshtrb/enKarma/MahalayaTpnmActivity.kt:1380:32 Unresolved reference 'MahalayaTPNMTextView'.
e: file:///Users/sureshbalasubramanian/Documents/Projects.nosync/Android_enKarma/enKarma/app/src/main/java/com/karma/sureshtrb/enKarma/MahalayaTpnmActivity.kt:1384:34 Unresolved reference 'MahalayaTPNMTextView'.
e: file:///Users/sureshbalasubramanian/Documents/Projects.nosync/Android_enKarma/enKarma/app/src/main/java/com/karma/sureshtrb/enKarma/MahalayaTpnmActivity.kt:1385:32 Unresolved reference 'MahalayaTPNMTextView'.
e: file:///Users/sureshbalasubramanian/Documents/Projects.nosync/Android_enKarma/enKarma/app/src/main/java/com/karma/sureshtrb/enKarma/MahalayaTpnmActivity.kt:1387:34 Unresolved reference 'MahalayaTPNMTextView'.
e: file:///Users/sureshbalasubramanian/Documents/Projects.nosync/Android_enKarma/enKarma/app/src/main/java/com/karma/sureshtrb/enKarma/MahalayaTpnmActivity.kt:1388:32 Unresolved reference 'MahalayaTPNMTextView'.
e: file:///Users/sureshbalasubramanian/Documents/Projects.nosync/Android_enKarma/enKarma/app/src/main/java/com/karma/sureshtrb/enKarma/MahalayaTpnmActivity.kt:1392:34 Unresolved reference 'MahalayaTPNMTextView'.
e: file:///Users/sureshbalasubramanian/Documents/Projects.nosync/Android_enKarma/enKarma/app/src/main/java/com/karma/sureshtrb/enKarma/MahalayaTpnmActivity.kt:1393:32 Unresolved reference 'MahalayaTPNMTextView'.
e: file:///Users/sureshbalasubramanian/Documents/Projects.nosync/Android_enKarma/enKarma/app/src/main/java/com/karma/sureshtrb/enKarma/MahalayaTpnmActivity.kt:1395:34 Unresolved reference 'MahalayaTPNMTextView'.
e: file:///Users/sureshbalasubramanian/Documents/Projects.nosync/Android_enKarma/enKarma/app/src/main/java/com/karma/sureshtrb/enKarma/MahalayaTpnmActivity.kt:1396:32 Unresolved reference 'MahalayaTPNMTextView'.
e: file:///Users/sureshbalasubramanian/Documents/Projects.nosync/Android_enKarma/enKarma/app/src/main/java/com/karma/sureshtrb/enKarma/MahalayaTpnmActivity.kt:1402:30 Unresolved reference 'MahalayaTPNMTextView'.
e: file:///Users/sureshbalasubramanian/Documents/Projects.nosync/Android_enKarma/enKarma/app/src/main/java/com/karma/sureshtrb/enKarma/MahalayaTpnmActivity.kt:1404:32 Unresolved reference 'MahalayaTPNMTextView'.
e: file:///Users/sureshbalasubramanian/Documents/Projects.nosync/Android_enKarma/enKarma/app/src/main/java/com/karma/sureshtrb/enKarma/MahalayaTpnmActivity.kt:1406:32 Unresolved reference 'MahalayaTPNMTextView'.
e: file:///Users/sureshbalasubramanian/Documents/Projects.nosync/Android_enKarma/enKarma/app/src/main/java/com/karma/sureshtrb/enKarma/MahalayaTpnmActivity.kt:1410:34 Unresolved reference 'MahalayaTPNMTextView'.
e: file:///Users/sureshbalasubramanian/Documents/Projects.nosync/Android_enKarma/enKarma/app/src/main/java/com/karma/sureshtrb/enKarma/MahalayaTpnmActivity.kt:1411:32 Unresolved reference 'MahalayaTPNMTextView'.
e: file:///Users/sureshbalasubramanian/Documents/Projects.nosync/Android_enKarma/enKarma/app/src/main/java/com/karma/sureshtrb/enKarma/MahalayaTpnmActivity.kt:1413:34 Unresolved reference 'MahalayaTPNMTextView'.
e: file:///Users/sureshbalasubramanian/Documents/Projects.nosync/Android_enKarma/enKarma/app/src/main/java/com/karma/sureshtrb/enKarma/MahalayaTpnmActivity.kt:1414:32 Unresolved reference 'MahalayaTPNMTextView'.
e: file:///Users/sureshbalasubramanian/Documents/Projects.nosync/Android_enKarma/enKarma/app/src/main/java/com/karma/sureshtrb/enKarma/MahalayaTpnmActivity.kt:1418:34 Unresolved reference 'MahalayaTPNMTextView'.
e: file:///Users/sureshbalasubramanian/Documents/Projects.nosync/Android_enKarma/enKarma/app/src/main/java/com/karma/sureshtrb/enKarma/MahalayaTpnmActivity.kt:1419:32 Unresolved reference 'MahalayaTPNMTextView'.
e: file:///Users/sureshbalasubramanian/Documents/Projects.nosync/Android_enKarma/enKarma/app/src/main/java/com/karma/sureshtrb/enKarma/MahalayaTpnmActivity.kt:1421:34 Unresolved reference 'MahalayaTPNMTextView'.
e: file:///Users/sureshbalasubramanian/Documents/Projects.nosync/Android_enKarma/enKarma/app/src/main/java/com/karma/sureshtrb/enKarma/MahalayaTpnmActivity.kt:1422:32 Unresolved reference 'MahalayaTPNMTextView'.
e: file:///Users/sureshbalasubramanian/Documents/Projects.nosync/Android_enKarma/enKarma/app/src/main/java/com/karma/sureshtrb/enKarma/MahalayaTpnmActivity.kt:1426:34 Unresolved reference 'MahalayaTPNMTextView'.
e: file:///Users/sureshbalasubramanian/Documents/Projects.nosync/Android_enKarma/enKarma/app/src/main/java/com/karma/sureshtrb/enKarma/MahalayaTpnmActivity.kt:1427:32 Unresolved reference 'MahalayaTPNMTextView'.
e: file:///Users/sureshbalasubramanian/Documents/Projects.nosync/Android_enKarma/enKarma/app/src/main/java/com/karma/sureshtrb/enKarma/MahalayaTpnmActivity.kt:1429:34 Unresolved reference 'MahalayaTPNMTextView'.
e: file:///Users/sureshbalasubramanian/Documents/Projects.nosync/Android_enKarma/enKarma/app/src/main/java/com/karma/sureshtrb/enKarma/MahalayaTpnmActivity.kt:1430:32 Unresolved reference 'MahalayaTPNMTextView'.
e: file:///Users/sureshbalasubramanian/Documents/Projects.nosync/Android_enKarma/enKarma/app/src/main/java/com/karma/sureshtrb/enKarma/MahalayaTpnmActivity.kt:1434:34 Unresolved reference 'MahalayaTPNMTextView'.
e: file:///Users/sureshbalasubramanian/Documents/Projects.nosync/Android_enKarma/enKarma/app/src/main/java/com/karma/sureshtrb/enKarma/MahalayaTpnmActivity.kt:1435:32 Unresolved reference 'MahalayaTPNMTextView'.
e: file:///Users/sureshbalasubramanian/Documents/Projects.nosync/Android_enKarma/enKarma/app/src/main/java/com/karma/sureshtrb/enKarma/MahalayaTpnmActivity.kt:1437:34 Unresolved reference 'MahalayaTPNMTextView'.
e: file:///Users/sureshbalasubramanian/Documents/Projects.nosync/Android_enKarma/enKarma/app/src/main/java/com/karma/sureshtrb/enKarma/MahalayaTpnmActivity.kt:1438:32 Unresolved reference 'MahalayaTPNMTextView'.
e: file:///Users/sureshbalasubramanian/Documents/Projects.nosync/Android_enKarma/enKarma/app/src/main/java/com/karma/sureshtrb/enKarma/MahalayaTpnmActivity.kt:1442:34 Unresolved reference 'MahalayaTPNMTextView'.
e: file:///Users/sureshbalasubramanian/Documents/Projects.nosync/Android_enKarma/enKarma/app/src/main/java/com/karma/sureshtrb/enKarma/MahalayaTpnmActivity.kt:1443:32 Unresolved reference 'MahalayaTPNMTextView'.
e: file:///Users/sureshbalasubramanian/Documents/Projects.nosync/Android_enKarma/enKarma/app/src/main/java/com/karma/sureshtrb/enKarma/MahalayaTpnmActivity.kt:1445:34 Unresolved reference 'MahalayaTPNMTextView'.
e: file:///Users/sureshbalasubramanian/Documents/Projects.nosync/Android_enKarma/enKarma/app/src/main/java/com/karma/sureshtrb/enKarma/MahalayaTpnmActivity.kt:1446:32 Unresolved reference 'MahalayaTPNMTextView'.
e: file:///Users/sureshbalasubramanian/Documents/Projects.nosync/Android_enKarma/enKarma/app/src/main/java/com/karma/sureshtrb/enKarma/MahalayaTpnmActivity.kt:1451:30 Unresolved reference 'MahalayaTPNMTextView'.
e: file:///Users/sureshbalasubramanian/Documents/Projects.nosync/Android_enKarma/enKarma/app/src/main/java/com/karma/sureshtrb/enKarma/MahalayaTpnmActivity.kt:1453:32 Unresolved reference 'MahalayaTPNMTextView'.
e: file:///Users/sureshbalasubramanian/Documents/Projects.nosync/Android_enKarma/enKarma/app/src/main/java/com/karma/sureshtrb/enKarma/MahalayaTpnmActivity.kt:1455:32 Unresolved reference 'MahalayaTPNMTextView'.
e: file:///Users/sureshbalasubramanian/Documents/Projects.nosync/Android_enKarma/enKarma/app/src/main/java/com/karma/sureshtrb/enKarma/MahalayaTpnmActivity.kt:1459:34 Unresolved reference 'MahalayaTPNMTextView'.
e: file:///Users/sureshbalasubramanian/Documents/Projects.nosync/Android_enKarma/enKarma/app/src/main/java/com/karma/sureshtrb/enKarma/MahalayaTpnmActivity.kt:1460:32 Unresolved reference 'MahalayaTPNMTextView'.
e: file:///Users/sureshbalasubramanian/Documents/Projects.nosync/Android_enKarma/enKarma/app/src/main/java/com/karma/sureshtrb/enKarma/MahalayaTpnmActivity.kt:1462:34 Unresolved reference 'MahalayaTPNMTextView'.
e: file:///Users/sureshbalasubramanian/Documents/Projects.nosync/Android_enKarma/enKarma/app/src/main/java/com/karma/sureshtrb/enKarma/MahalayaTpnmActivity.kt:1463:32 Unresolved reference 'MahalayaTPNMTextView'.
e: file:///Users/sureshbalasubramanian/Documents/Projects.nosync/Android_enKarma/enKarma/app/src/main/java/com/karma/sureshtrb/enKarma/MahalayaTpnmActivity.kt:1467:34 Unresolved reference 'MahalayaTPNMTextView'.
e: file:///Users/sureshbalasubramanian/Documents/Projects.nosync/Android_enKarma/enKarma/app/src/main/java/com/karma/sureshtrb/enKarma/MahalayaTpnmActivity.kt:1468:32 Unresolved reference 'MahalayaTPNMTextView'.
e: file:///Users/sureshbalasubramanian/Documents/Projects.nosync/Android_enKarma/enKarma/app/src/main/java/com/karma/sureshtrb/enKarma/MahalayaTpnmActivity.kt:1470:34 Unresolved reference 'MahalayaTPNMTextView'.
e: file:///Users/sureshbalasubramanian/Documents/Projects.nosync/Android_enKarma/enKarma/app/src/main/java/com/karma/sureshtrb/enKarma/MahalayaTpnmActivity.kt:1471:32 Unresolved reference 'MahalayaTPNMTextView'.
e: file:///Users/sureshbalasubramanian/Documents/Projects.nosync/Android_enKarma/enKarma/app/src/main/java/com/karma/sureshtrb/enKarma/MahalayaTpnmActivity.kt:1475:34 Unresolved reference 'MahalayaTPNMTextView'.
e: file:///Users/sureshbalasubramanian/Documents/Projects.nosync/Android_enKarma/enKarma/app/src/main/java/com/karma/sureshtrb/enKarma/MahalayaTpnmActivity.kt:1476:32 Unresolved reference 'MahalayaTPNMTextView'.
e: file:///Users/sureshbalasubramanian/Documents/Projects.nosync/Android_enKarma/enKarma/app/src/main/java/com/karma/sureshtrb/enKarma/MahalayaTpnmActivity.kt:1478:34 Unresolved reference 'MahalayaTPNMTextView'.
e: file:///Users/sureshbalasubramanian/Documents/Projects.nosync/Android_enKarma/enKarma/app/src/main/java/com/karma/sureshtrb/enKarma/MahalayaTpnmActivity.kt:1479:32 Unresolved reference 'MahalayaTPNMTextView'.
e: file:///Users/sureshbalasubramanian/Documents/Projects.nosync/Android_enKarma/enKarma/app/src/main/java/com/karma/sureshtrb/enKarma/MahalayaTpnmActivity.kt:1483:34 Unresolved reference 'MahalayaTPNMTextView'.
e: file:///Users/sureshbalasubramanian/Documents/Projects.nosync/Android_enKarma/enKarma/app/src/main/java/com/karma/sureshtrb/enKarma/MahalayaTpnmActivity.kt:1484:32 Unresolved reference 'MahalayaTPNMTextView'.
e: file:///Users/sureshbalasubramanian/Documents/Projects.nosync/Android_enKarma/enKarma/app/src/main/java/com/karma/sureshtrb/enKarma/MahalayaTpnmActivity.kt:1486:34 Unresolved reference 'MahalayaTPNMTextView'.
e: file:///Users/sureshbalasubramanian/Documents/Projects.nosync/Android_enKarma/enKarma/app/src/main/java/com/karma/sureshtrb/enKarma/MahalayaTpnmActivity.kt:1487:32 Unresolved reference 'MahalayaTPNMTextView'.
e: file:///Users/sureshbalasubramanian/Documents/Projects.nosync/Android_enKarma/enKarma/app/src/main/java/com/karma/sureshtrb/enKarma/MahalayaTpnmActivity.kt:1491:34 Unresolved reference 'MahalayaTPNMTextView'.
e: file:///Users/sureshbalasubramanian/Documents/Projects.nosync/Android_enKarma/enKarma/app/src/main/java/com/karma/sureshtrb/enKarma/MahalayaTpnmActivity.kt:1492:32 Unresolved reference 'MahalayaTPNMTextView'.
e: file:///Users/sureshbalasubramanian/Documents/Projects.nosync/Android_enKarma/enKarma/app/src/main/java/com/karma/sureshtrb/enKarma/MahalayaTpnmActivity.kt:1494:34 Unresolved reference 'MahalayaTPNMTextView'.
e: file:///Users/sureshbalasubramanian/Documents/Projects.nosync/Android_enKarma/enKarma/app/src/main/java/com/karma/sureshtrb/enKarma/MahalayaTpnmActivity.kt:1495:32 Unresolved reference 'MahalayaTPNMTextView'.
e: file:///Users/sureshbalasubramanian/Documents/Projects.nosync/Android_enKarma/enKarma/app/src/main/java/com/karma/sureshtrb/enKarma/MahalayaTpnmActivity.kt:1499:34 Unresolved reference 'MahalayaTPNMTextView'.
e: file:///Users/sureshbalasubramanian/Documents/Projects.nosync/Android_enKarma/enKarma/app/src/main/java/com/karma/sureshtrb/enKarma/MahalayaTpnmActivity.kt:1500:32 Unresolved reference 'MahalayaTPNMTextView'.
e: file:///Users/sureshbalasubramanian/Documents/Projects.nosync/Android_enKarma/enKarma/app/src/main/java/com/karma/sureshtrb/enKarma/MahalayaTpnmActivity.kt:1502:34 Unresolved reference 'MahalayaTPNMTextView'.
e: file:///Users/sureshbalasubramanian/Documents/Projects.nosync/Android_enKarma/enKarma/app/src/main/java/com/karma/sureshtrb/enKarma/MahalayaTpnmActivity.kt:1503:32 Unresolved reference 'MahalayaTPNMTextView'.
e: file:///Users/sureshbalasubramanian/Documents/Projects.nosync/Android_enKarma/enKarma/app/src/main/java/com/karma/sureshtrb/enKarma/MahalayaTpnmActivity.kt:1508:30 Unresolved reference 'MahalayaTPNMTextView'.
e: file:///Users/sureshbalasubramanian/Documents/Projects.nosync/Android_enKarma/enKarma/app/src/main/java/com/karma/sureshtrb/enKarma/MahalayaTpnmActivity.kt:1510:32 Unresolved reference 'MahalayaTPNMTextView'.
e: file:///Users/sureshbalasubramanian/Documents/Projects.nosync/Android_enKarma/enKarma/app/src/main/java/com/karma/sureshtrb/enKarma/MahalayaTpnmActivity.kt:1512:32 Unresolved reference 'MahalayaTPNMTextView'.
e: file:///Users/sureshbalasubramanian/Documents/Projects.nosync/Android_enKarma/enKarma/app/src/main/java/com/karma/sureshtrb/enKarma/MahalayaTpnmActivity.kt:1516:34 Unresolved reference 'MahalayaTPNMTextView'.
e: file:///Users/sureshbalasubramanian/Documents/Projects.nosync/Android_enKarma/enKarma/app/src/main/java/com/karma/sureshtrb/enKarma/MahalayaTpnmActivity.kt:1517:32 Unresolved reference 'MahalayaTPNMTextView'.
e: file:///Users/sureshbalasubramanian/Documents/Projects.nosync/Android_enKarma/enKarma/app/src/main/java/com/karma/sureshtrb/enKarma/MahalayaTpnmActivity.kt:1519:34 Unresolved reference 'MahalayaTPNMTextView'.
e: file:///Users/sureshbalasubramanian/Documents/Projects.nosync/Android_enKarma/enKarma/app/src/main/java/com/karma/sureshtrb/enKarma/MahalayaTpnmActivity.kt:1520:32 Unresolved reference 'MahalayaTPNMTextView'.
e: file:///Users/sureshbalasubramanian/Documents/Projects.nosync/Android_enKarma/enKarma/app/src/main/java/com/karma/sureshtrb/enKarma/MahalayaTpnmActivity.kt:1524:34 Unresolved reference 'MahalayaTPNMTextView'.
e: file:///Users/sureshbalasubramanian/Documents/Projects.nosync/Android_enKarma/enKarma/app/src/main/java/com/karma/sureshtrb/enKarma/MahalayaTpnmActivity.kt:1525:32 Unresolved reference 'MahalayaTPNMTextView'.
e: file:///Users/sureshbalasubramanian/Documents/Projects.nosync/Android_enKarma/enKarma/app/src/main/java/com/karma/sureshtrb/enKarma/MahalayaTpnmActivity.kt:1527:34 Unresolved reference 'MahalayaTPNMTextView'.
e: file:///Users/sureshbalasubramanian/Documents/Projects.nosync/Android_enKarma/enKarma/app/src/main/java/com/karma/sureshtrb/enKarma/MahalayaTpnmActivity.kt:1528:32 Unresolved reference 'MahalayaTPNMTextView'.
e: file:///Users/sureshbalasubramanian/Documents/Projects.nosync/Android_enKarma/enKarma/app/src/main/java/com/karma/sureshtrb/enKarma/MahalayaTpnmActivity.kt:1532:34 Unresolved reference 'MahalayaTPNMTextView'.
e: file:///Users/sureshbalasubramanian/Documents/Projects.nosync/Android_enKarma/enKarma/app/src/main/java/com/karma/sureshtrb/enKarma/MahalayaTpnmActivity.kt:1533:32 Unresolved reference 'MahalayaTPNMTextView'.
e: file:///Users/sureshbalasubramanian/Documents/Projects.nosync/Android_enKarma/enKarma/app/src/main/java/com/karma/sureshtrb/enKarma/MahalayaTpnmActivity.kt:1535:34 Unresolved reference 'MahalayaTPNMTextView'.
e: file:///Users/sureshbalasubramanian/Documents/Projects.nosync/Android_enKarma/enKarma/app/src/main/java/com/karma/sureshtrb/enKarma/MahalayaTpnmActivity.kt:1536:32 Unresolved reference 'MahalayaTPNMTextView'.
e: file:///Users/sureshbalasubramanian/Documents/Projects.nosync/Android_enKarma/enKarma/app/src/main/java/com/karma/sureshtrb/enKarma/MahalayaTpnmActivity.kt:1540:34 Unresolved reference 'MahalayaTPNMTextView'.
e: file:///Users/sureshbalasubramanian/Documents/Projects.nosync/Android_enKarma/enKarma/app/src/main/java/com/karma/sureshtrb/enKarma/MahalayaTpnmActivity.kt:1541:32 Unresolved reference 'MahalayaTPNMTextView'.
e: file:///Users/sureshbalasubramanian/Documents/Projects.nosync/Android_enKarma/enKarma/app/src/main/java/com/karma/sureshtrb/enKarma/MahalayaTpnmActivity.kt:1543:34 Unresolved reference 'MahalayaTPNMTextView'.
e: file:///Users/sureshbalasubramanian/Documents/Projects.nosync/Android_enKarma/enKarma/app/src/main/java/com/karma/sureshtrb/enKarma/MahalayaTpnmActivity.kt:1544:32 Unresolved reference 'MahalayaTPNMTextView'.
e: file:///Users/sureshbalasubramanian/Documents/Projects.nosync/Android_enKarma/enKarma/app/src/main/java/com/karma/sureshtrb/enKarma/MahalayaTpnmActivity.kt:1548:34 Unresolved reference 'MahalayaTPNMTextView'.
e: file:///Users/sureshbalasubramanian/Documents/Projects.nosync/Android_enKarma/enKarma/app/src/main/java/com/karma/sureshtrb/enKarma/MahalayaTpnmActivity.kt:1549:32 Unresolved reference 'MahalayaTPNMTextView'.
e: file:///Users/sureshbalasubramanian/Documents/Projects.nosync/Android_enKarma/enKarma/app/src/main/java/com/karma/sureshtrb/enKarma/MahalayaTpnmActivity.kt:1551:34 Unresolved reference 'MahalayaTPNMTextView'.
e: file:///Users/sureshbalasubramanian/Documents/Projects.nosync/Android_enKarma/enKarma/app/src/main/java/com/karma/sureshtrb/enKarma/MahalayaTpnmActivity.kt:1552:32 Unresolved reference 'MahalayaTPNMTextView'.
e: file:///Users/sureshbalasubramanian/Documents/Projects.nosync/Android_enKarma/enKarma/app/src/main/java/com/karma/sureshtrb/enKarma/MahalayaTpnmActivity.kt:1556:34 Unresolved reference 'MahalayaTPNMTextView'.
e: file:///Users/sureshbalasubramanian/Documents/Projects.nosync/Android_enKarma/enKarma/app/src/main/java/com/karma/sureshtrb/enKarma/MahalayaTpnmActivity.kt:1557:32 Unresolved reference 'MahalayaTPNMTextView'.
e: file:///Users/sureshbalasubramanian/Documents/Projects.nosync/Android_enKarma/enKarma/app/src/main/java/com/karma/sureshtrb/enKarma/MahalayaTpnmActivity.kt:1559:34 Unresolved reference 'MahalayaTPNMTextView'.
e: file:///Users/sureshbalasubramanian/Documents/Projects.nosync/Android_enKarma/enKarma/app/src/main/java/com/karma/sureshtrb/enKarma/MahalayaTpnmActivity.kt:1560:32 Unresolved reference 'MahalayaTPNMTextView'.
e: file:///Users/sureshbalasubramanian/Documents/Projects.nosync/Android_enKarma/enKarma/app/src/main/java/com/karma/sureshtrb/enKarma/MahalayaTpnmActivity.kt:1567:34 Unresolved reference 'MahalayaTPNMTextView'.
e: file:///Users/sureshbalasubramanian/Documents/Projects.nosync/Android_enKarma/enKarma/app/src/main/java/com/karma/sureshtrb/enKarma/MahalayaTpnmActivity.kt:1568:32 Unresolved reference 'MahalayaTPNMTextView'.
e: file:///Users/sureshbalasubramanian/Documents/Projects.nosync/Android_enKarma/enKarma/app/src/main/java/com/karma/sureshtrb/enKarma/MahalayaTpnmActivity.kt:1571:34 Unresolved reference 'MahalayaTPNMTextView'.
e: file:///Users/sureshbalasubramanian/Documents/Projects.nosync/Android_enKarma/enKarma/app/src/main/java/com/karma/sureshtrb/enKarma/MahalayaTpnmActivity.kt:1572:32 Unresolved reference 'MahalayaTPNMTextView'.
e: file:///Users/sureshbalasubramanian/Documents/Projects.nosync/Android_enKarma/enKarma/app/src/main/java/com/karma/sureshtrb/enKarma/MahalayaTpnmActivity.kt:1581:30 Unresolved reference 'MahalayaTPNMTextView'.
e: file:///Users/sureshbalasubramanian/Documents/Projects.nosync/Android_enKarma/enKarma/app/src/main/java/com/karma/sureshtrb/enKarma/MahalayaTpnmActivity.kt:1583:32 Unresolved reference 'MahalayaTPNMTextView'.
e: file:///Users/sureshbalasubramanian/Documents/Projects.nosync/Android_enKarma/enKarma/app/src/main/java/com/karma/sureshtrb/enKarma/MahalayaTpnmActivity.kt:1585:32 Unresolved reference 'MahalayaTPNMTextView'.
e: file:///Users/sureshbalasubramanian/Documents/Projects.nosync/Android_enKarma/enKarma/app/src/main/java/com/karma/sureshtrb/enKarma/MahalayaTpnmActivity.kt:1589:34 Unresolved reference 'MahalayaTPNMTextView'.
e: file:///Users/sureshbalasubramanian/Documents/Projects.nosync/Android_enKarma/enKarma/app/src/main/java/com/karma/sureshtrb/enKarma/MahalayaTpnmActivity.kt:1590:32 Unresolved reference 'MahalayaTPNMTextView'.
e: file:///Users/sureshbalasubramanian/Documents/Projects.nosync/Android_enKarma/enKarma/app/src/main/java/com/karma/sureshtrb/enKarma/MahalayaTpnmActivity.kt:1592:34 Unresolved reference 'MahalayaTPNMTextView'.
e: file:///Users/sureshbalasubramanian/Documents/Projects.nosync/Android_enKarma/enKarma/app/src/main/java/com/karma/sureshtrb/enKarma/MahalayaTpnmActivity.kt:1593:32 Unresolved reference 'MahalayaTPNMTextView'.
e: file:///Users/sureshbalasubramanian/Documents/Projects.nosync/Android_enKarma/enKarma/app/src/main/java/com/karma/sureshtrb/enKarma/MahalayaTpnmActivity.kt:1597:34 Unresolved reference 'MahalayaTPNMTextView'.
e: file:///Users/sureshbalasubramanian/Documents/Projects.nosync/Android_enKarma/enKarma/app/src/main/java/com/karma/sureshtrb/enKarma/MahalayaTpnmActivity.kt:1598:32 Unresolved reference 'MahalayaTPNMTextView'.
e: file:///Users/sureshbalasubramanian/Documents/Projects.nosync/Android_enKarma/enKarma/app/src/main/java/com/karma/sureshtrb/enKarma/MahalayaTpnmActivity.kt:1600:34 Unresolved reference 'MahalayaTPNMTextView'.
e: file:///Users/sureshbalasubramanian/Documents/Projects.nosync/Android_enKarma/enKarma/app/src/main/java/com/karma/sureshtrb/enKarma/MahalayaTpnmActivity.kt:1601:32 Unresolved reference 'MahalayaTPNMTextView'.
e: file:///Users/sureshbalasubramanian/Documents/Projects.nosync/Android_enKarma/enKarma/app/src/main/java/com/karma/sureshtrb/enKarma/MahalayaTpnmActivity.kt:1605:34 Unresolved reference 'MahalayaTPNMTextView'.
e: file:///Users/sureshbalasubramanian/Documents/Projects.nosync/Android_enKarma/enKarma/app/src/main/java/com/karma/sureshtrb/enKarma/MahalayaTpnmActivity.kt:1606:32 Unresolved reference 'MahalayaTPNMTextView'.
e: file:///Users/sureshbalasubramanian/Documents/Projects.nosync/Android_enKarma/enKarma/app/src/main/java/com/karma/sureshtrb/enKarma/MahalayaTpnmActivity.kt:1608:34 Unresolved reference 'MahalayaTPNMTextView'.
e: file:///Users/sureshbalasubramanian/Documents/Projects.nosync/Android_enKarma/enKarma/app/src/main/java/com/karma/sureshtrb/enKarma/MahalayaTpnmActivity.kt:1609:32 Unresolved reference 'MahalayaTPNMTextView'.
e: file:///Users/sureshbalasubramanian/Documents/Projects.nosync/Android_enKarma/enKarma/app/src/main/java/com/karma/sureshtrb/enKarma/MahalayaTpnmActivity.kt:1613:34 Unresolved reference 'MahalayaTPNMTextView'.
e: file:///Users/sureshbalasubramanian/Documents/Projects.nosync/Android_enKarma/enKarma/app/src/main/java/com/karma/sureshtrb/enKarma/MahalayaTpnmActivity.kt:1614:32 Unresolved reference 'MahalayaTPNMTextView'.
e: file:///Users/sureshbalasubramanian/Documents/Projects.nosync/Android_enKarma/enKarma/app/src/main/java/com/karma/sureshtrb/enKarma/MahalayaTpnmActivity.kt:1616:34 Unresolved reference 'MahalayaTPNMTextView'.
e: file:///Users/sureshbalasubramanian/Documents/Projects.nosync/Android_enKarma/enKarma/app/src/main/java/com/karma/sureshtrb/enKarma/MahalayaTpnmActivity.kt:1617:32 Unresolved reference 'MahalayaTPNMTextView'.
e: file:///Users/sureshbalasubramanian/Documents/Projects.nosync/Android_enKarma/enKarma/app/src/main/java/com/karma/sureshtrb/enKarma/MahalayaTpnmActivity.kt:1621:34 Unresolved reference 'MahalayaTPNMTextView'.
e: file:///Users/sureshbalasubramanian/Documents/Projects.nosync/Android_enKarma/enKarma/app/src/main/java/com/karma/sureshtrb/enKarma/MahalayaTpnmActivity.kt:1622:32 Unresolved reference 'MahalayaTPNMTextView'.
e: file:///Users/sureshbalasubramanian/Documents/Projects.nosync/Android_enKarma/enKarma/app/src/main/java/com/karma/sureshtrb/enKarma/MahalayaTpnmActivity.kt:1624:34 Unresolved reference 'MahalayaTPNMTextView'.
e: file:///Users/sureshbalasubramanian/Documents/Projects.nosync/Android_enKarma/enKarma/app/src/main/java/com/karma/sureshtrb/enKarma/MahalayaTpnmActivity.kt:1625:32 Unresolved reference 'MahalayaTPNMTextView'.
e: file:///Users/sureshbalasubramanian/Documents/Projects.nosync/Android_enKarma/enKarma/app/src/main/java/com/karma/sureshtrb/enKarma/MahalayaTpnmActivity.kt:1629:34 Unresolved reference 'MahalayaTPNMTextView'.
e: file:///Users/sureshbalasubramanian/Documents/Projects.nosync/Android_enKarma/enKarma/app/src/main/java/com/karma/sureshtrb/enKarma/MahalayaTpnmActivity.kt:1630:32 Unresolved reference 'MahalayaTPNMTextView'.
e: file:///Users/sureshbalasubramanian/Documents/Projects.nosync/Android_enKarma/enKarma/app/src/main/java/com/karma/sureshtrb/enKarma/MahalayaTpnmActivity.kt:1632:34 Unresolved reference 'MahalayaTPNMTextView'.
e: file:///Users/sureshbalasubramanian/Documents/Projects.nosync/Android_enKarma/enKarma/app/src/main/java/com/karma/sureshtrb/enKarma/MahalayaTpnmActivity.kt:1633:32 Unresolved reference 'MahalayaTPNMTextView'.
e: file:///Users/sureshbalasubramanian/Documents/Projects.nosync/Android_enKarma/enKarma/app/src/main/java/com/karma/sureshtrb/enKarma/MahalayaTpnmActivity.kt:1637:34 Unresolved reference 'MahalayaTPNMTextView'.
e: file:///Users/sureshbalasubramanian/Documents/Projects.nosync/Android_enKarma/enKarma/app/src/main/java/com/karma/sureshtrb/enKarma/MahalayaTpnmActivity.kt:1638:32 Unresolved reference 'MahalayaTPNMTextView'.
e: file:///Users/sureshbalasubramanian/Documents/Projects.nosync/Android_enKarma/enKarma/app/src/main/java/com/karma/sureshtrb/enKarma/MahalayaTpnmActivity.kt:1640:34 Unresolved reference 'MahalayaTPNMTextView'.
e: file:///Users/sureshbalasubramanian/Documents/Projects.nosync/Android_enKarma/enKarma/app/src/main/java/com/karma/sureshtrb/enKarma/MahalayaTpnmActivity.kt:1641:32 Unresolved reference 'MahalayaTPNMTextView'.
e: file:///Users/sureshbalasubramanian/Documents/Projects.nosync/Android_enKarma/enKarma/app/src/main/java/com/karma/sureshtrb/enKarma/MahalayaTpnmActivity.kt:1645:34 Unresolved reference 'MahalayaTPNMTextView'.
e: file:///Users/sureshbalasubramanian/Documents/Projects.nosync/Android_enKarma/enKarma/app/src/main/java/com/karma/sureshtrb/enKarma/MahalayaTpnmActivity.kt:1646:32 Unresolved reference 'MahalayaTPNMTextView'.
e: file:///Users/sureshbalasubramanian/Documents/Projects.nosync/Android_enKarma/enKarma/app/src/main/java/com/karma/sureshtrb/enKarma/MahalayaTpnmActivity.kt:1648:34 Unresolved reference 'MahalayaTPNMTextView'.
e: file:///Users/sureshbalasubramanian/Documents/Projects.nosync/Android_enKarma/enKarma/app/src/main/java/com/karma/sureshtrb/enKarma/MahalayaTpnmActivity.kt:1649:32 Unresolved reference 'MahalayaTPNMTextView'.
e: file:///Users/sureshbalasubramanian/Documents/Projects.nosync/Android_enKarma/enKarma/app/src/main/java/com/karma/sureshtrb/enKarma/MahalayaTpnmActivity.kt:1654:30 Unresolved reference 'MahalayaTPNMTextView'.
e: file:///Users/sureshbalasubramanian/Documents/Projects.nosync/Android_enKarma/enKarma/app/src/main/java/com/karma/sureshtrb/enKarma/MahalayaTpnmActivity.kt:1656:32 Unresolved reference 'MahalayaTPNMTextView'.
e: file:///Users/sureshbalasubramanian/Documents/Projects.nosync/Android_enKarma/enKarma/app/src/main/java/com/karma/sureshtrb/enKarma/MahalayaTpnmActivity.kt:1658:32 Unresolved reference 'MahalayaTPNMTextView'.
e: file:///Users/sureshbalasubramanian/Documents/Projects.nosync/Android_enKarma/enKarma/app/src/main/java/com/karma/sureshtrb/enKarma/MahalayaTpnmActivity.kt:1662:34 Unresolved reference 'MahalayaTPNMTextView'.
e: file:///Users/sureshbalasubramanian/Documents/Projects.nosync/Android_enKarma/enKarma/app/src/main/java/com/karma/sureshtrb/enKarma/MahalayaTpnmActivity.kt:1663:32 Unresolved reference 'MahalayaTPNMTextView'.
e: file:///Users/sureshbalasubramanian/Documents/Projects.nosync/Android_enKarma/enKarma/app/src/main/java/com/karma/sureshtrb/enKarma/MahalayaTpnmActivity.kt:1665:34 Unresolved reference 'MahalayaTPNMTextView'.
e: file:///Users/sureshbalasubramanian/Documents/Projects.nosync/Android_enKarma/enKarma/app/src/main/java/com/karma/sureshtrb/enKarma/MahalayaTpnmActivity.kt:1666:32 Unresolved reference 'MahalayaTPNMTextView'.
e: file:///Users/sureshbalasubramanian/Documents/Projects.nosync/Android_enKarma/enKarma/app/src/main/java/com/karma/sureshtrb/enKarma/MahalayaTpnmActivity.kt:1670:34 Unresolved reference 'MahalayaTPNMTextView'.
e: file:///Users/sureshbalasubramanian/Documents/Projects.nosync/Android_enKarma/enKarma/app/src/main/java/com/karma/sureshtrb/enKarma/MahalayaTpnmActivity.kt:1671:32 Unresolved reference 'MahalayaTPNMTextView'.
e: file:///Users/sureshbalasubramanian/Documents/Projects.nosync/Android_enKarma/enKarma/app/src/main/java/com/karma/sureshtrb/enKarma/MahalayaTpnmActivity.kt:1673:34 Unresolved reference 'MahalayaTPNMTextView'.
e: file:///Users/sureshbalasubramanian/Documents/Projects.nosync/Android_enKarma/enKarma/app/src/main/java/com/karma/sureshtrb/enKarma/MahalayaTpnmActivity.kt:1674:32 Unresolved reference 'MahalayaTPNMTextView'.
e: file:///Users/sureshbalasubramanian/Documents/Projects.nosync/Android_enKarma/enKarma/app/src/main/java/com/karma/sureshtrb/enKarma/MahalayaTpnmActivity.kt:1678:34 Unresolved reference 'MahalayaTPNMTextView'.
e: file:///Users/sureshbalasubramanian/Documents/Projects.nosync/Android_enKarma/enKarma/app/src/main/java/com/karma/sureshtrb/enKarma/MahalayaTpnmActivity.kt:1679:32 Unresolved reference 'MahalayaTPNMTextView'.
e: file:///Users/sureshbalasubramanian/Documents/Projects.nosync/Android_enKarma/enKarma/app/src/main/java/com/karma/sureshtrb/enKarma/MahalayaTpnmActivity.kt:1681:34 Unresolved reference 'MahalayaTPNMTextView'.
e: file:///Users/sureshbalasubramanian/Documents/Projects.nosync/Android_enKarma/enKarma/app/src/main/java/com/karma/sureshtrb/enKarma/MahalayaTpnmActivity.kt:1682:32 Unresolved reference 'MahalayaTPNMTextView'.
e: file:///Users/sureshbalasubramanian/Documents/Projects.nosync/Android_enKarma/enKarma/app/src/main/java/com/karma/sureshtrb/enKarma/MahalayaTpnmActivity.kt:1686:34 Unresolved reference 'MahalayaTPNMTextView'.
e: file:///Users/sureshbalasubramanian/Documents/Projects.nosync/Android_enKarma/enKarma/app/src/main/java/com/karma/sureshtrb/enKarma/MahalayaTpnmActivity.kt:1687:32 Unresolved reference 'MahalayaTPNMTextView'.
e: file:///Users/sureshbalasubramanian/Documents/Projects.nosync/Android_enKarma/enKarma/app/src/main/java/com/karma/sureshtrb/enKarma/MahalayaTpnmActivity.kt:1689:34 Unresolved reference 'MahalayaTPNMTextView'.
e: file:///Users/sureshbalasubramanian/Documents/Projects.nosync/Android_enKarma/enKarma/app/src/main/java/com/karma/sureshtrb/enKarma/MahalayaTpnmActivity.kt:1690:32 Unresolved reference 'MahalayaTPNMTextView'.
e: file:///Users/sureshbalasubramanian/Documents/Projects.nosync/Android_enKarma/enKarma/app/src/main/java/com/karma/sureshtrb/enKarma/MahalayaTpnmActivity.kt:1694:34 Unresolved reference 'MahalayaTPNMTextView'.
e: file:///Users/sureshbalasubramanian/Documents/Projects.nosync/Android_enKarma/enKarma/app/src/main/java/com/karma/sureshtrb/enKarma/MahalayaTpnmActivity.kt:1695:32 Unresolved reference 'MahalayaTPNMTextView'.
e: file:///Users/sureshbalasubramanian/Documents/Projects.nosync/Android_enKarma/enKarma/app/src/main/java/com/karma/sureshtrb/enKarma/MahalayaTpnmActivity.kt:1697:34 Unresolved reference 'MahalayaTPNMTextView'.
e: file:///Users/sureshbalasubramanian/Documents/Projects.nosync/Android_enKarma/enKarma/app/src/main/java/com/karma/sureshtrb/enKarma/MahalayaTpnmActivity.kt:1698:32 Unresolved reference 'MahalayaTPNMTextView'.
e: file:///Users/sureshbalasubramanian/Documents/Projects.nosync/Android_enKarma/enKarma/app/src/main/java/com/karma/sureshtrb/enKarma/MahalayaTpnmActivity.kt:1702:34 Unresolved reference 'MahalayaTPNMTextView'.
e: file:///Users/sureshbalasubramanian/Documents/Projects.nosync/Android_enKarma/enKarma/app/src/main/java/com/karma/sureshtrb/enKarma/MahalayaTpnmActivity.kt:1703:32 Unresolved reference 'MahalayaTPNMTextView'.
e: file:///Users/sureshbalasubramanian/Documents/Projects.nosync/Android_enKarma/enKarma/app/src/main/java/com/karma/sureshtrb/enKarma/MahalayaTpnmActivity.kt:1705:34 Unresolved reference 'MahalayaTPNMTextView'.
e: file:///Users/sureshbalasubramanian/Documents/Projects.nosync/Android_enKarma/enKarma/app/src/main/java/com/karma/sureshtrb/enKarma/MahalayaTpnmActivity.kt:1706:32 Unresolved reference 'MahalayaTPNMTextView'.
e: file:///Users/sureshbalasubramanian/Documents/Projects.nosync/Android_enKarma/enKarma/app/src/main/java/com/karma/sureshtrb/enKarma/MahalayaTpnmActivity.kt:1710:34 Unresolved reference 'MahalayaTPNMTextView'.
e: file:///Users/sureshbalasubramanian/Documents/Projects.nosync/Android_enKarma/enKarma/app/src/main/java/com/karma/sureshtrb/enKarma/MahalayaTpnmActivity.kt:1711:32 Unresolved reference 'MahalayaTPNMTextView'.
e: file:///Users/sureshbalasubramanian/Documents/Projects.nosync/Android_enKarma/enKarma/app/src/main/java/com/karma/sureshtrb/enKarma/MahalayaTpnmActivity.kt:1713:34 Unresolved reference 'MahalayaTPNMTextView'.
e: file:///Users/sureshbalasubramanian/Documents/Projects.nosync/Android_enKarma/enKarma/app/src/main/java/com/karma/sureshtrb/enKarma/MahalayaTpnmActivity.kt:1714:32 Unresolved reference 'MahalayaTPNMTextView'.
e: file:///Users/sureshbalasubramanian/Documents/Projects.nosync/Android_enKarma/enKarma/app/src/main/java/com/karma/sureshtrb/enKarma/MahalayaTpnmActivity.kt:1718:34 Unresolved reference 'MahalayaTPNMTextView'.
e: file:///Users/sureshbalasubramanian/Documents/Projects.nosync/Android_enKarma/enKarma/app/src/main/java/com/karma/sureshtrb/enKarma/MahalayaTpnmActivity.kt:1719:32 Unresolved reference 'MahalayaTPNMTextView'.
e: file:///Users/sureshbalasubramanian/Documents/Projects.nosync/Android_enKarma/enKarma/app/src/main/java/com/karma/sureshtrb/enKarma/MahalayaTpnmActivity.kt:1721:34 Unresolved reference 'MahalayaTPNMTextView'.
e: file:///Users/sureshbalasubramanian/Documents/Projects.nosync/Android_enKarma/enKarma/app/src/main/java/com/karma/sureshtrb/enKarma/MahalayaTpnmActivity.kt:1722:32 Unresolved reference 'MahalayaTPNMTextView'.
e: file:///Users/sureshbalasubramanian/Documents/Projects.nosync/Android_enKarma/enKarma/app/src/main/java/com/karma/sureshtrb/enKarma/MahalayaTpnmActivity.kt:1726:35 Unresolved reference 'MahalayaTPNMTextView'.
e: file:///Users/sureshbalasubramanian/Documents/Projects.nosync/Android_enKarma/enKarma/app/src/main/java/com/karma/sureshtrb/enKarma/MahalayaTpnmActivity.kt:1727:33 Unresolved reference 'MahalayaTPNMTextView'.
e: file:///Users/sureshbalasubramanian/Documents/Projects.nosync/Android_enKarma/enKarma/app/src/main/java/com/karma/sureshtrb/enKarma/MahalayaTpnmActivity.kt:1729:35 Unresolved reference 'MahalayaTPNMTextView'.
e: file:///Users/sureshbalasubramanian/Documents/Projects.nosync/Android_enKarma/enKarma/app/src/main/java/com/karma/sureshtrb/enKarma/MahalayaTpnmActivity.kt:1730:33 Unresolved reference 'MahalayaTPNMTextView'.
e: file:///Users/sureshbalasubramanian/Documents/Projects.nosync/Android_enKarma/enKarma/app/src/main/java/com/karma/sureshtrb/enKarma/MahalayaTpnmActivity.kt:1735:30 Unresolved reference 'MahalayaTPNMTextView'.
e: file:///Users/sureshbalasubramanian/Documents/Projects.nosync/Android_enKarma/enKarma/app/src/main/java/com/karma/sureshtrb/enKarma/MahalayaTpnmActivity.kt:1737:32 Unresolved reference 'MahalayaTPNMTextView'.
e: file:///Users/sureshbalasubramanian/Documents/Projects.nosync/Android_enKarma/enKarma/app/src/main/java/com/karma/sureshtrb/enKarma/MahalayaTpnmActivity.kt:1739:32 Unresolved reference 'MahalayaTPNMTextView'.
e: file:///Users/sureshbalasubramanian/Documents/Projects.nosync/Android_enKarma/enKarma/app/src/main/java/com/karma/sureshtrb/enKarma/MahalayaTpnmActivity.kt:1743:34 Unresolved reference 'MahalayaTPNMTextView'.
e: file:///Users/sureshbalasubramanian/Documents/Projects.nosync/Android_enKarma/enKarma/app/src/main/java/com/karma/sureshtrb/enKarma/MahalayaTpnmActivity.kt:1744:32 Unresolved reference 'MahalayaTPNMTextView'.
e: file:///Users/sureshbalasubramanian/Documents/Projects.nosync/Android_enKarma/enKarma/app/src/main/java/com/karma/sureshtrb/enKarma/MahalayaTpnmActivity.kt:1746:34 Unresolved reference 'MahalayaTPNMTextView'.
e: file:///Users/sureshbalasubramanian/Documents/Projects.nosync/Android_enKarma/enKarma/app/src/main/java/com/karma/sureshtrb/enKarma/MahalayaTpnmActivity.kt:1747:32 Unresolved reference 'MahalayaTPNMTextView'.
e: file:///Users/sureshbalasubramanian/Documents/Projects.nosync/Android_enKarma/enKarma/app/src/main/java/com/karma/sureshtrb/enKarma/MahalayaTpnmActivity.kt:1751:34 Unresolved reference 'MahalayaTPNMTextView'.
e: file:///Users/sureshbalasubramanian/Documents/Projects.nosync/Android_enKarma/enKarma/app/src/main/java/com/karma/sureshtrb/enKarma/MahalayaTpnmActivity.kt:1752:32 Unresolved reference 'MahalayaTPNMTextView'.
e: file:///Users/sureshbalasubramanian/Documents/Projects.nosync/Android_enKarma/enKarma/app/src/main/java/com/karma/sureshtrb/enKarma/MahalayaTpnmActivity.kt:1754:34 Unresolved reference 'MahalayaTPNMTextView'.
e: file:///Users/sureshbalasubramanian/Documents/Projects.nosync/Android_enKarma/enKarma/app/src/main/java/com/karma/sureshtrb/enKarma/MahalayaTpnmActivity.kt:1755:32 Unresolved reference 'MahalayaTPNMTextView'.
e: file:///Users/sureshbalasubramanian/Documents/Projects.nosync/Android_enKarma/enKarma/app/src/main/java/com/karma/sureshtrb/enKarma/MahalayaTpnmActivity.kt:1759:34 Unresolved reference 'MahalayaTPNMTextView'.
e: file:///Users/sureshbalasubramanian/Documents/Projects.nosync/Android_enKarma/enKarma/app/src/main/java/com/karma/sureshtrb/enKarma/MahalayaTpnmActivity.kt:1760:32 Unresolved reference 'MahalayaTPNMTextView'.
e: file:///Users/sureshbalasubramanian/Documents/Projects.nosync/Android_enKarma/enKarma/app/src/main/java/com/karma/sureshtrb/enKarma/MahalayaTpnmActivity.kt:1762:34 Unresolved reference 'MahalayaTPNMTextView'.
e: file:///Users/sureshbalasubramanian/Documents/Projects.nosync/Android_enKarma/enKarma/app/src/main/java/com/karma/sureshtrb/enKarma/MahalayaTpnmActivity.kt:1763:32 Unresolved reference 'MahalayaTPNMTextView'.
e: file:///Users/sureshbalasubramanian/Documents/Projects.nosync/Android_enKarma/enKarma/app/src/main/java/com/karma/sureshtrb/enKarma/MahalayaTpnmActivity.kt:1767:34 Unresolved reference 'MahalayaTPNMTextView'.
e: file:///Users/sureshbalasubramanian/Documents/Projects.nosync/Android_enKarma/enKarma/app/src/main/java/com/karma/sureshtrb/enKarma/MahalayaTpnmActivity.kt:1768:32 Unresolved reference 'MahalayaTPNMTextView'.
e: file:///Users/sureshbalasubramanian/Documents/Projects.nosync/Android_enKarma/enKarma/app/src/main/java/com/karma/sureshtrb/enKarma/MahalayaTpnmActivity.kt:1770:34 Unresolved reference 'MahalayaTPNMTextView'.
e: file:///Users/sureshbalasubramanian/Documents/Projects.nosync/Android_enKarma/enKarma/app/src/main/java/com/karma/sureshtrb/enKarma/MahalayaTpnmActivity.kt:1771:32 Unresolved reference 'MahalayaTPNMTextView'.
e: file:///Users/sureshbalasubramanian/Documents/Projects.nosync/Android_enKarma/enKarma/app/src/main/java/com/karma/sureshtrb/enKarma/MahalayaTpnmActivity.kt:1775:34 Unresolved reference 'MahalayaTPNMTextView'.
e: file:///Users/sureshbalasubramanian/Documents/Projects.nosync/Android_enKarma/enKarma/app/src/main/java/com/karma/sureshtrb/enKarma/MahalayaTpnmActivity.kt:1776:32 Unresolved reference 'MahalayaTPNMTextView'.
e: file:///Users/sureshbalasubramanian/Documents/Projects.nosync/Android_enKarma/enKarma/app/src/main/java/com/karma/sureshtrb/enKarma/MahalayaTpnmActivity.kt:1778:34 Unresolved reference 'MahalayaTPNMTextView'.
e: file:///Users/sureshbalasubramanian/Documents/Projects.nosync/Android_enKarma/enKarma/app/src/main/java/com/karma/sureshtrb/enKarma/MahalayaTpnmActivity.kt:1779:32 Unresolved reference 'MahalayaTPNMTextView'.
e: file:///Users/sureshbalasubramanian/Documents/Projects.nosync/Android_enKarma/enKarma/app/src/main/java/com/karma/sureshtrb/enKarma/MahalayaTpnmActivity.kt:1783:34 Unresolved reference 'MahalayaTPNMTextView'.
e: file:///Users/sureshbalasubramanian/Documents/Projects.nosync/Android_enKarma/enKarma/app/src/main/java/com/karma/sureshtrb/enKarma/MahalayaTpnmActivity.kt:1784:32 Unresolved reference 'MahalayaTPNMTextView'.
e: file:///Users/sureshbalasubramanian/Documents/Projects.nosync/Android_enKarma/enKarma/app/src/main/java/com/karma/sureshtrb/enKarma/MahalayaTpnmActivity.kt:1786:34 Unresolved reference 'MahalayaTPNMTextView'.
e: file:///Users/sureshbalasubramanian/Documents/Projects.nosync/Android_enKarma/enKarma/app/src/main/java/com/karma/sureshtrb/enKarma/MahalayaTpnmActivity.kt:1787:32 Unresolved reference 'MahalayaTPNMTextView'.
e: file:///Users/sureshbalasubramanian/Documents/Projects.nosync/Android_enKarma/enKarma/app/src/main/java/com/karma/sureshtrb/enKarma/MahalayaTpnmActivity.kt:1791:34 Unresolved reference 'MahalayaTPNMTextView'.
e: file:///Users/sureshbalasubramanian/Documents/Projects.nosync/Android_enKarma/enKarma/app/src/main/java/com/karma/sureshtrb/enKarma/MahalayaTpnmActivity.kt:1792:32 Unresolved reference 'MahalayaTPNMTextView'.
e: file:///Users/sureshbalasubramanian/Documents/Projects.nosync/Android_enKarma/enKarma/app/src/main/java/com/karma/sureshtrb/enKarma/MahalayaTpnmActivity.kt:1794:34 Unresolved reference 'MahalayaTPNMTextView'.
e: file:///Users/sureshbalasubramanian/Documents/Projects.nosync/Android_enKarma/enKarma/app/src/main/java/com/karma/sureshtrb/enKarma/MahalayaTpnmActivity.kt:1795:32 Unresolved reference 'MahalayaTPNMTextView'.
e: file:///Users/sureshbalasubramanian/Documents/Projects.nosync/Android_enKarma/enKarma/app/src/main/java/com/karma/sureshtrb/enKarma/MahalayaTpnmActivity.kt:1799:34 Unresolved reference 'MahalayaTPNMTextView'.
e: file:///Users/sureshbalasubramanian/Documents/Projects.nosync/Android_enKarma/enKarma/app/src/main/java/com/karma/sureshtrb/enKarma/MahalayaTpnmActivity.kt:1800:32 Unresolved reference 'MahalayaTPNMTextView'.
e: file:///Users/sureshbalasubramanian/Documents/Projects.nosync/Android_enKarma/enKarma/app/src/main/java/com/karma/sureshtrb/enKarma/MahalayaTpnmActivity.kt:1802:34 Unresolved reference 'MahalayaTPNMTextView'.
e: file:///Users/sureshbalasubramanian/Documents/Projects.nosync/Android_enKarma/enKarma/app/src/main/java/com/karma/sureshtrb/enKarma/MahalayaTpnmActivity.kt:1803:32 Unresolved reference 'MahalayaTPNMTextView'.
e: file:///Users/sureshbalasubramanian/Documents/Projects.nosync/Android_enKarma/enKarma/app/src/main/java/com/karma/sureshtrb/enKarma/MahalayaTpnmActivity.kt:1807:35 Unresolved reference 'MahalayaTPNMTextView'.
e: file:///Users/sureshbalasubramanian/Documents/Projects.nosync/Android_enKarma/enKarma/app/src/main/java/com/karma/sureshtrb/enKarma/MahalayaTpnmActivity.kt:1808:33 Unresolved reference 'MahalayaTPNMTextView'.
e: file:///Users/sureshbalasubramanian/Documents/Projects.nosync/Android_enKarma/enKarma/app/src/main/java/com/karma/sureshtrb/enKarma/MahalayaTpnmActivity.kt:1810:35 Unresolved reference 'MahalayaTPNMTextView'.
e: file:///Users/sureshbalasubramanian/Documents/Projects.nosync/Android_enKarma/enKarma/app/src/main/java/com/karma/sureshtrb/enKarma/MahalayaTpnmActivity.kt:1811:33 Unresolved reference 'MahalayaTPNMTextView'.
e: file:///Users/sureshbalasubramanian/Documents/Projects.nosync/Android_enKarma/enKarma/app/src/main/java/com/karma/sureshtrb/enKarma/MahalayaTpnmActivity.kt:1815:35 Unresolved reference 'MahalayaTPNMTextView'.
e: file:///Users/sureshbalasubramanian/Documents/Projects.nosync/Android_enKarma/enKarma/app/src/main/java/com/karma/sureshtrb/enKarma/MahalayaTpnmActivity.kt:1816:33 Unresolved reference 'MahalayaTPNMTextView'.
e: file:///Users/sureshbalasubramanian/Documents/Projects.nosync/Android_enKarma/enKarma/app/src/main/java/com/karma/sureshtrb/enKarma/MahalayaTpnmActivity.kt:1818:35 Unresolved reference 'MahalayaTPNMTextView'.
e: file:///Users/sureshbalasubramanian/Documents/Projects.nosync/Android_enKarma/enKarma/app/src/main/java/com/karma/sureshtrb/enKarma/MahalayaTpnmActivity.kt:1819:33 Unresolved reference 'MahalayaTPNMTextView'.
e: file:///Users/sureshbalasubramanian/Documents/Projects.nosync/Android_enKarma/enKarma/app/src/main/java/com/karma/sureshtrb/enKarma/MahalayaTpnmActivity.kt:1824:30 Unresolved reference 'MahalayaTPNMTextView'.
e: file:///Users/sureshbalasubramanian/Documents/Projects.nosync/Android_enKarma/enKarma/app/src/main/java/com/karma/sureshtrb/enKarma/MahalayaTpnmActivity.kt:1826:32 Unresolved reference 'MahalayaTPNMTextView'.
e: file:///Users/sureshbalasubramanian/Documents/Projects.nosync/Android_enKarma/enKarma/app/src/main/java/com/karma/sureshtrb/enKarma/MahalayaTpnmActivity.kt:1828:32 Unresolved reference 'MahalayaTPNMTextView'.
e: file:///Users/sureshbalasubramanian/Documents/Projects.nosync/Android_enKarma/enKarma/app/src/main/java/com/karma/sureshtrb/enKarma/MahalayaTpnmActivity.kt:1832:34 Unresolved reference 'MahalayaTPNMTextView'.
e: file:///Users/sureshbalasubramanian/Documents/Projects.nosync/Android_enKarma/enKarma/app/src/main/java/com/karma/sureshtrb/enKarma/MahalayaTpnmActivity.kt:1833:32 Unresolved reference 'MahalayaTPNMTextView'.
e: file:///Users/sureshbalasubramanian/Documents/Projects.nosync/Android_enKarma/enKarma/app/src/main/java/com/karma/sureshtrb/enKarma/MahalayaTpnmActivity.kt:1835:34 Unresolved reference 'MahalayaTPNMTextView'.
e: file:///Users/sureshbalasubramanian/Documents/Projects.nosync/Android_enKarma/enKarma/app/src/main/java/com/karma/sureshtrb/enKarma/MahalayaTpnmActivity.kt:1836:32 Unresolved reference 'MahalayaTPNMTextView'.
e: file:///Users/sureshbalasubramanian/Documents/Projects.nosync/Android_enKarma/enKarma/app/src/main/java/com/karma/sureshtrb/enKarma/MahalayaTpnmActivity.kt:1840:34 Unresolved reference 'MahalayaTPNMTextView'.
e: file:///Users/sureshbalasubramanian/Documents/Projects.nosync/Android_enKarma/enKarma/app/src/main/java/com/karma/sureshtrb/enKarma/MahalayaTpnmActivity.kt:1841:32 Unresolved reference 'MahalayaTPNMTextView'.
e: file:///Users/sureshbalasubramanian/Documents/Projects.nosync/Android_enKarma/enKarma/app/src/main/java/com/karma/sureshtrb/enKarma/MahalayaTpnmActivity.kt:1843:34 Unresolved reference 'MahalayaTPNMTextView'.
e: file:///Users/sureshbalasubramanian/Documents/Projects.nosync/Android_enKarma/enKarma/app/src/main/java/com/karma/sureshtrb/enKarma/MahalayaTpnmActivity.kt:1844:32 Unresolved reference 'MahalayaTPNMTextView'.
e: file:///Users/sureshbalasubramanian/Documents/Projects.nosync/Android_enKarma/enKarma/app/src/main/java/com/karma/sureshtrb/enKarma/MahalayaTpnmActivity.kt:1848:34 Unresolved reference 'MahalayaTPNMTextView'.
e: file:///Users/sureshbalasubramanian/Documents/Projects.nosync/Android_enKarma/enKarma/app/src/main/java/com/karma/sureshtrb/enKarma/MahalayaTpnmActivity.kt:1849:32 Unresolved reference 'MahalayaTPNMTextView'.
e: file:///Users/sureshbalasubramanian/Documents/Projects.nosync/Android_enKarma/enKarma/app/src/main/java/com/karma/sureshtrb/enKarma/MahalayaTpnmActivity.kt:1851:34 Unresolved reference 'MahalayaTPNMTextView'.
e: file:///Users/sureshbalasubramanian/Documents/Projects.nosync/Android_enKarma/enKarma/app/src/main/java/com/karma/sureshtrb/enKarma/MahalayaTpnmActivity.kt:1852:32 Unresolved reference 'MahalayaTPNMTextView'.
e: file:///Users/sureshbalasubramanian/Documents/Projects.nosync/Android_enKarma/enKarma/app/src/main/java/com/karma/sureshtrb/enKarma/MahalayaTpnmActivity.kt:1856:34 Unresolved reference 'MahalayaTPNMTextView'.
e: file:///Users/sureshbalasubramanian/Documents/Projects.nosync/Android_enKarma/enKarma/app/src/main/java/com/karma/sureshtrb/enKarma/MahalayaTpnmActivity.kt:1857:32 Unresolved reference 'MahalayaTPNMTextView'.
e: file:///Users/sureshbalasubramanian/Documents/Projects.nosync/Android_enKarma/enKarma/app/src/main/java/com/karma/sureshtrb/enKarma/MahalayaTpnmActivity.kt:1859:34 Unresolved reference 'MahalayaTPNMTextView'.
e: file:///Users/sureshbalasubramanian/Documents/Projects.nosync/Android_enKarma/enKarma/app/src/main/java/com/karma/sureshtrb/enKarma/MahalayaTpnmActivity.kt:1860:32 Unresolved reference 'MahalayaTPNMTextView'.
e: file:///Users/sureshbalasubramanian/Documents/Projects.nosync/Android_enKarma/enKarma/app/src/main/java/com/karma/sureshtrb/enKarma/MahalayaTpnmActivity.kt:1864:34 Unresolved reference 'MahalayaTPNMTextView'.
e: file:///Users/sureshbalasubramanian/Documents/Projects.nosync/Android_enKarma/enKarma/app/src/main/java/com/karma/sureshtrb/enKarma/MahalayaTpnmActivity.kt:1865:32 Unresolved reference 'MahalayaTPNMTextView'.
e: file:///Users/sureshbalasubramanian/Documents/Projects.nosync/Android_enKarma/enKarma/app/src/main/java/com/karma/sureshtrb/enKarma/MahalayaTpnmActivity.kt:1867:34 Unresolved reference 'MahalayaTPNMTextView'.
e: file:///Users/sureshbalasubramanian/Documents/Projects.nosync/Android_enKarma/enKarma/app/src/main/java/com/karma/sureshtrb/enKarma/MahalayaTpnmActivity.kt:1868:32 Unresolved reference 'MahalayaTPNMTextView'.
e: file:///Users/sureshbalasubramanian/Documents/Projects.nosync/Android_enKarma/enKarma/app/src/main/java/com/karma/sureshtrb/enKarma/MahalayaTpnmActivity.kt:1872:34 Unresolved reference 'MahalayaTPNMTextView'.
e: file:///Users/sureshbalasubramanian/Documents/Projects.nosync/Android_enKarma/enKarma/app/src/main/java/com/karma/sureshtrb/enKarma/MahalayaTpnmActivity.kt:1873:32 Unresolved reference 'MahalayaTPNMTextView'.
e: file:///Users/sureshbalasubramanian/Documents/Projects.nosync/Android_enKarma/enKarma/app/src/main/java/com/karma/sureshtrb/enKarma/MahalayaTpnmActivity.kt:1875:34 Unresolved reference 'MahalayaTPNMTextView'.
e: file:///Users/sureshbalasubramanian/Documents/Projects.nosync/Android_enKarma/enKarma/app/src/main/java/com/karma/sureshtrb/enKarma/MahalayaTpnmActivity.kt:1876:32 Unresolved reference 'MahalayaTPNMTextView'.
e: file:///Users/sureshbalasubramanian/Documents/Projects.nosync/Android_enKarma/enKarma/app/src/main/java/com/karma/sureshtrb/enKarma/MahalayaTpnmActivity.kt:1880:34 Unresolved reference 'MahalayaTPNMTextView'.
e: file:///Users/sureshbalasubramanian/Documents/Projects.nosync/Android_enKarma/enKarma/app/src/main/java/com/karma/sureshtrb/enKarma/MahalayaTpnmActivity.kt:1881:32 Unresolved reference 'MahalayaTPNMTextView'.
e: file:///Users/sureshbalasubramanian/Documents/Projects.nosync/Android_enKarma/enKarma/app/src/main/java/com/karma/sureshtrb/enKarma/MahalayaTpnmActivity.kt:1883:34 Unresolved reference 'MahalayaTPNMTextView'.
e: file:///Users/sureshbalasubramanian/Documents/Projects.nosync/Android_enKarma/enKarma/app/src/main/java/com/karma/sureshtrb/enKarma/MahalayaTpnmActivity.kt:1884:32 Unresolved reference 'MahalayaTPNMTextView'.
e: file:///Users/sureshbalasubramanian/Documents/Projects.nosync/Android_enKarma/enKarma/app/src/main/java/com/karma/sureshtrb/enKarma/MahalayaTpnmActivity.kt:1888:34 Unresolved reference 'MahalayaTPNMTextView'.
e: file:///Users/sureshbalasubramanian/Documents/Projects.nosync/Android_enKarma/enKarma/app/src/main/java/com/karma/sureshtrb/enKarma/MahalayaTpnmActivity.kt:1889:32 Unresolved reference 'MahalayaTPNMTextView'.
e: file:///Users/sureshbalasubramanian/Documents/Projects.nosync/Android_enKarma/enKarma/app/src/main/java/com/karma/sureshtrb/enKarma/MahalayaTpnmActivity.kt:1891:34 Unresolved reference 'MahalayaTPNMTextView'.
e: file:///Users/sureshbalasubramanian/Documents/Projects.nosync/Android_enKarma/enKarma/app/src/main/java/com/karma/sureshtrb/enKarma/MahalayaTpnmActivity.kt:1892:32 Unresolved reference 'MahalayaTPNMTextView'.
e: file:///Users/sureshbalasubramanian/Documents/Projects.nosync/Android_enKarma/enKarma/app/src/main/java/com/karma/sureshtrb/enKarma/MahalayaTpnmActivity.kt:1896:35 Unresolved reference 'MahalayaTPNMTextView'.
e: file:///Users/sureshbalasubramanian/Documents/Projects.nosync/Android_enKarma/enKarma/app/src/main/java/com/karma/sureshtrb/enKarma/MahalayaTpnmActivity.kt:1897:33 Unresolved reference 'MahalayaTPNMTextView'.
e: file:///Users/sureshbalasubramanian/Documents/Projects.nosync/Android_enKarma/enKarma/app/src/main/java/com/karma/sureshtrb/enKarma/MahalayaTpnmActivity.kt:1899:35 Unresolved reference 'MahalayaTPNMTextView'.
e: file:///Users/sureshbalasubramanian/Documents/Projects.nosync/Android_enKarma/enKarma/app/src/main/java/com/karma/sureshtrb/enKarma/MahalayaTpnmActivity.kt:1900:33 Unresolved reference 'MahalayaTPNMTextView'.
e: file:///Users/sureshbalasubramanian/Documents/Projects.nosync/Android_enKarma/enKarma/app/src/main/java/com/karma/sureshtrb/enKarma/MahalayaTpnmActivity.kt:1904:35 Unresolved reference 'MahalayaTPNMTextView'.
e: file:///Users/sureshbalasubramanian/Documents/Projects.nosync/Android_enKarma/enKarma/app/src/main/java/com/karma/sureshtrb/enKarma/MahalayaTpnmActivity.kt:1905:33 Unresolved reference 'MahalayaTPNMTextView'.
e: file:///Users/sureshbalasubramanian/Documents/Projects.nosync/Android_enKarma/enKarma/app/src/main/java/com/karma/sureshtrb/enKarma/MahalayaTpnmActivity.kt:1907:35 Unresolved reference 'MahalayaTPNMTextView'.
e: file:///Users/sureshbalasubramanian/Documents/Projects.nosync/Android_enKarma/enKarma/app/src/main/java/com/karma/sureshtrb/enKarma/MahalayaTpnmActivity.kt:1908:33 Unresolved reference 'MahalayaTPNMTextView'.
e: file:///Users/sureshbalasubramanian/Documents/Projects.nosync/Android_enKarma/enKarma/app/src/main/java/com/karma/sureshtrb/enKarma/MahalayaTpnmActivity.kt:1912:35 Unresolved reference 'MahalayaTPNMTextView'.
e: file:///Users/sureshbalasubramanian/Documents/Projects.nosync/Android_enKarma/enKarma/app/src/main/java/com/karma/sureshtrb/enKarma/MahalayaTpnmActivity.kt:1913:33 Unresolved reference 'MahalayaTPNMTextView'.
e: file:///Users/sureshbalasubramanian/Documents/Projects.nosync/Android_enKarma/enKarma/app/src/main/java/com/karma/sureshtrb/enKarma/MahalayaTpnmActivity.kt:1915:35 Unresolved reference 'MahalayaTPNMTextView'.
e: file:///Users/sureshbalasubramanian/Documents/Projects.nosync/Android_enKarma/enKarma/app/src/main/java/com/karma/sureshtrb/enKarma/MahalayaTpnmActivity.kt:1916:33 Unresolved reference 'MahalayaTPNMTextView'.
e: file:///Users/sureshbalasubramanian/Documents/Projects.nosync/Android_enKarma/enKarma/app/src/main/java/com/karma/sureshtrb/enKarma/MahalayaTpnmActivity.kt:1921:30 Unresolved reference 'MahalayaTPNMTextView'.
e: file:///Users/sureshbalasubramanian/Documents/Projects.nosync/Android_enKarma/enKarma/app/src/main/java/com/karma/sureshtrb/enKarma/MahalayaTpnmActivity.kt:1923:32 Unresolved reference 'MahalayaTPNMTextView'.
e: file:///Users/sureshbalasubramanian/Documents/Projects.nosync/Android_enKarma/enKarma/app/src/main/java/com/karma/sureshtrb/enKarma/MahalayaTpnmActivity.kt:1925:32 Unresolved reference 'MahalayaTPNMTextView'.
e: file:///Users/sureshbalasubramanian/Documents/Projects.nosync/Android_enKarma/enKarma/app/src/main/java/com/karma/sureshtrb/enKarma/MahalayaTpnmActivity.kt:1929:34 Unresolved reference 'MahalayaTPNMTextView'.
e: file:///Users/sureshbalasubramanian/Documents/Projects.nosync/Android_enKarma/enKarma/app/src/main/java/com/karma/sureshtrb/enKarma/MahalayaTpnmActivity.kt:1930:32 Unresolved reference 'MahalayaTPNMTextView'.
e: file:///Users/sureshbalasubramanian/Documents/Projects.nosync/Android_enKarma/enKarma/app/src/main/java/com/karma/sureshtrb/enKarma/MahalayaTpnmActivity.kt:1932:34 Unresolved reference 'MahalayaTPNMTextView'.
e: file:///Users/sureshbalasubramanian/Documents/Projects.nosync/Android_enKarma/enKarma/app/src/main/java/com/karma/sureshtrb/enKarma/MahalayaTpnmActivity.kt:1933:32 Unresolved reference 'MahalayaTPNMTextView'.
e: file:///Users/sureshbalasubramanian/Documents/Projects.nosync/Android_enKarma/enKarma/app/src/main/java/com/karma/sureshtrb/enKarma/MahalayaTpnmActivity.kt:1937:34 Unresolved reference 'MahalayaTPNMTextView'.
e: file:///Users/sureshbalasubramanian/Documents/Projects.nosync/Android_enKarma/enKarma/app/src/main/java/com/karma/sureshtrb/enKarma/MahalayaTpnmActivity.kt:1938:32 Unresolved reference 'MahalayaTPNMTextView'.
e: file:///Users/sureshbalasubramanian/Documents/Projects.nosync/Android_enKarma/enKarma/app/src/main/java/com/karma/sureshtrb/enKarma/MahalayaTpnmActivity.kt:1940:34 Unresolved reference 'MahalayaTPNMTextView'.
e: file:///Users/sureshbalasubramanian/Documents/Projects.nosync/Android_enKarma/enKarma/app/src/main/java/com/karma/sureshtrb/enKarma/MahalayaTpnmActivity.kt:1941:32 Unresolved reference 'MahalayaTPNMTextView'.
e: file:///Users/sureshbalasubramanian/Documents/Projects.nosync/Android_enKarma/enKarma/app/src/main/java/com/karma/sureshtrb/enKarma/MahalayaTpnmActivity.kt:1945:34 Unresolved reference 'MahalayaTPNMTextView'.
e: file:///Users/sureshbalasubramanian/Documents/Projects.nosync/Android_enKarma/enKarma/app/src/main/java/com/karma/sureshtrb/enKarma/MahalayaTpnmActivity.kt:1946:32 Unresolved reference 'MahalayaTPNMTextView'.
e: file:///Users/sureshbalasubramanian/Documents/Projects.nosync/Android_enKarma/enKarma/app/src/main/java/com/karma/sureshtrb/enKarma/MahalayaTpnmActivity.kt:1948:34 Unresolved reference 'MahalayaTPNMTextView'.
e: file:///Users/sureshbalasubramanian/Documents/Projects.nosync/Android_enKarma/enKarma/app/src/main/java/com/karma/sureshtrb/enKarma/MahalayaTpnmActivity.kt:1949:32 Unresolved reference 'MahalayaTPNMTextView'.
e: file:///Users/sureshbalasubramanian/Documents/Projects.nosync/Android_enKarma/enKarma/app/src/main/java/com/karma/sureshtrb/enKarma/MahalayaTpnmActivity.kt:1953:34 Unresolved reference 'MahalayaTPNMTextView'.
e: file:///Users/sureshbalasubramanian/Documents/Projects.nosync/Android_enKarma/enKarma/app/src/main/java/com/karma/sureshtrb/enKarma/MahalayaTpnmActivity.kt:1954:32 Unresolved reference 'MahalayaTPNMTextView'.
e: file:///Users/sureshbalasubramanian/Documents/Projects.nosync/Android_enKarma/enKarma/app/src/main/java/com/karma/sureshtrb/enKarma/MahalayaTpnmActivity.kt:1956:34 Unresolved reference 'MahalayaTPNMTextView'.
e: file:///Users/sureshbalasubramanian/Documents/Projects.nosync/Android_enKarma/enKarma/app/src/main/java/com/karma/sureshtrb/enKarma/MahalayaTpnmActivity.kt:1957:32 Unresolved reference 'MahalayaTPNMTextView'.
e: file:///Users/sureshbalasubramanian/Documents/Projects.nosync/Android_enKarma/enKarma/app/src/main/java/com/karma/sureshtrb/enKarma/MahalayaTpnmActivity.kt:1961:34 Unresolved reference 'MahalayaTPNMTextView'.
e: file:///Users/sureshbalasubramanian/Documents/Projects.nosync/Android_enKarma/enKarma/app/src/main/java/com/karma/sureshtrb/enKarma/MahalayaTpnmActivity.kt:1962:32 Unresolved reference 'MahalayaTPNMTextView'.
e: file:///Users/sureshbalasubramanian/Documents/Projects.nosync/Android_enKarma/enKarma/app/src/main/java/com/karma/sureshtrb/enKarma/MahalayaTpnmActivity.kt:1964:34 Unresolved reference 'MahalayaTPNMTextView'.
e: file:///Users/sureshbalasubramanian/Documents/Projects.nosync/Android_enKarma/enKarma/app/src/main/java/com/karma/sureshtrb/enKarma/MahalayaTpnmActivity.kt:1965:32 Unresolved reference 'MahalayaTPNMTextView'.
e: file:///Users/sureshbalasubramanian/Documents/Projects.nosync/Android_enKarma/enKarma/app/src/main/java/com/karma/sureshtrb/enKarma/MahalayaTpnmActivity.kt:1969:34 Unresolved reference 'MahalayaTPNMTextView'.
e: file:///Users/sureshbalasubramanian/Documents/Projects.nosync/Android_enKarma/enKarma/app/src/main/java/com/karma/sureshtrb/enKarma/MahalayaTpnmActivity.kt:1970:32 Unresolved reference 'MahalayaTPNMTextView'.
e: file:///Users/sureshbalasubramanian/Documents/Projects.nosync/Android_enKarma/enKarma/app/src/main/java/com/karma/sureshtrb/enKarma/MahalayaTpnmActivity.kt:1972:34 Unresolved reference 'MahalayaTPNMTextView'.
e: file:///Users/sureshbalasubramanian/Documents/Projects.nosync/Android_enKarma/enKarma/app/src/main/java/com/karma/sureshtrb/enKarma/MahalayaTpnmActivity.kt:1973:32 Unresolved reference 'MahalayaTPNMTextView'.
e: file:///Users/sureshbalasubramanian/Documents/Projects.nosync/Android_enKarma/enKarma/app/src/main/java/com/karma/sureshtrb/enKarma/MahalayaTpnmActivity.kt:1977:34 Unresolved reference 'MahalayaTPNMTextView'.
e: file:///Users/sureshbalasubramanian/Documents/Projects.nosync/Android_enKarma/enKarma/app/src/main/java/com/karma/sureshtrb/enKarma/MahalayaTpnmActivity.kt:1978:32 Unresolved reference 'MahalayaTPNMTextView'.
e: file:///Users/sureshbalasubramanian/Documents/Projects.nosync/Android_enKarma/enKarma/app/src/main/java/com/karma/sureshtrb/enKarma/MahalayaTpnmActivity.kt:1980:34 Unresolved reference 'MahalayaTPNMTextView'.
e: file:///Users/sureshbalasubramanian/Documents/Projects.nosync/Android_enKarma/enKarma/app/src/main/java/com/karma/sureshtrb/enKarma/MahalayaTpnmActivity.kt:1981:32 Unresolved reference 'MahalayaTPNMTextView'.
e: file:///Users/sureshbalasubramanian/Documents/Projects.nosync/Android_enKarma/enKarma/app/src/main/java/com/karma/sureshtrb/enKarma/MahalayaTpnmActivity.kt:1985:34 Unresolved reference 'MahalayaTPNMTextView'.
e: file:///Users/sureshbalasubramanian/Documents/Projects.nosync/Android_enKarma/enKarma/app/src/main/java/com/karma/sureshtrb/enKarma/MahalayaTpnmActivity.kt:1986:32 Unresolved reference 'MahalayaTPNMTextView'.
e: file:///Users/sureshbalasubramanian/Documents/Projects.nosync/Android_enKarma/enKarma/app/src/main/java/com/karma/sureshtrb/enKarma/MahalayaTpnmActivity.kt:1988:34 Unresolved reference 'MahalayaTPNMTextView'.
e: file:///Users/sureshbalasubramanian/Documents/Projects.nosync/Android_enKarma/enKarma/app/src/main/java/com/karma/sureshtrb/enKarma/MahalayaTpnmActivity.kt:1989:32 Unresolved reference 'MahalayaTPNMTextView'.
e: file:///Users/sureshbalasubramanian/Documents/Projects.nosync/Android_enKarma/enKarma/app/src/main/java/com/karma/sureshtrb/enKarma/MahalayaTpnmActivity.kt:1993:35 Unresolved reference 'MahalayaTPNMTextView'.
e: file:///Users/sureshbalasubramanian/Documents/Projects.nosync/Android_enKarma/enKarma/app/src/main/java/com/karma/sureshtrb/enKarma/MahalayaTpnmActivity.kt:1994:33 Unresolved reference 'MahalayaTPNMTextView'.
e: file:///Users/sureshbalasubramanian/Documents/Projects.nosync/Android_enKarma/enKarma/app/src/main/java/com/karma/sureshtrb/enKarma/MahalayaTpnmActivity.kt:1996:35 Unresolved reference 'MahalayaTPNMTextView'.
e: file:///Users/sureshbalasubramanian/Documents/Projects.nosync/Android_enKarma/enKarma/app/src/main/java/com/karma/sureshtrb/enKarma/MahalayaTpnmActivity.kt:1997:33 Unresolved reference 'MahalayaTPNMTextView'.
e: file:///Users/sureshbalasubramanian/Documents/Projects.nosync/Android_enKarma/enKarma/app/src/main/java/com/karma/sureshtrb/enKarma/MahalayaTpnmActivity.kt:2001:35 Unresolved reference 'MahalayaTPNMTextView'.
e: file:///Users/sureshbalasubramanian/Documents/Projects.nosync/Android_enKarma/enKarma/app/src/main/java/com/karma/sureshtrb/enKarma/MahalayaTpnmActivity.kt:2002:33 Unresolved reference 'MahalayaTPNMTextView'.
e: file:///Users/sureshbalasubramanian/Documents/Projects.nosync/Android_enKarma/enKarma/app/src/main/java/com/karma/sureshtrb/enKarma/MahalayaTpnmActivity.kt:2004:35 Unresolved reference 'MahalayaTPNMTextView'.
e: file:///Users/sureshbalasubramanian/Documents/Projects.nosync/Android_enKarma/enKarma/app/src/main/java/com/karma/sureshtrb/enKarma/MahalayaTpnmActivity.kt:2005:33 Unresolved reference 'MahalayaTPNMTextView'.
e: file:///Users/sureshbalasubramanian/Documents/Projects.nosync/Android_enKarma/enKarma/app/src/main/java/com/karma/sureshtrb/enKarma/MahalayaTpnmActivity.kt:2009:35 Unresolved reference 'MahalayaTPNMTextView'.
e: file:///Users/sureshbalasubramanian/Documents/Projects.nosync/Android_enKarma/enKarma/app/src/main/java/com/karma/sureshtrb/enKarma/MahalayaTpnmActivity.kt:2010:33 Unresolved reference 'MahalayaTPNMTextView'.
e: file:///Users/sureshbalasubramanian/Documents/Projects.nosync/Android_enKarma/enKarma/app/src/main/java/com/karma/sureshtrb/enKarma/MahalayaTpnmActivity.kt:2012:35 Unresolved reference 'MahalayaTPNMTextView'.
e: file:///Users/sureshbalasubramanian/Documents/Projects.nosync/Android_enKarma/enKarma/app/src/main/java/com/karma/sureshtrb/enKarma/MahalayaTpnmActivity.kt:2013:33 Unresolved reference 'MahalayaTPNMTextView'.
e: file:///Users/sureshbalasubramanian/Documents/Projects.nosync/Android_enKarma/enKarma/app/src/main/java/com/karma/sureshtrb/enKarma/MahalayaTpnmActivity.kt:2017:35 Unresolved reference 'MahalayaTPNMTextView'.
e: file:///Users/sureshbalasubramanian/Documents/Projects.nosync/Android_enKarma/enKarma/app/src/main/java/com/karma/sureshtrb/enKarma/MahalayaTpnmActivity.kt:2018:33 Unresolved reference 'MahalayaTPNMTextView'.
e: file:///Users/sureshbalasubramanian/Documents/Projects.nosync/Android_enKarma/enKarma/app/src/main/java/com/karma/sureshtrb/enKarma/MahalayaTpnmActivity.kt:2020:35 Unresolved reference 'MahalayaTPNMTextView'.
e: file:///Users/sureshbalasubramanian/Documents/Projects.nosync/Android_enKarma/enKarma/app/src/main/java/com/karma/sureshtrb/enKarma/MahalayaTpnmActivity.kt:2021:33 Unresolved reference 'MahalayaTPNMTextView'.
e: file:///Users/sureshbalasubramanian/Documents/Projects.nosync/Android_enKarma/enKarma/app/src/main/java/com/karma/sureshtrb/enKarma/MahalayaTpnmActivity.kt:2026:30 Unresolved reference 'MahalayaTPNMTextView'.
e: file:///Users/sureshbalasubramanian/Documents/Projects.nosync/Android_enKarma/enKarma/app/src/main/java/com/karma/sureshtrb/enKarma/MahalayaTpnmActivity.kt:2028:32 Unresolved reference 'MahalayaTPNMTextView'.
e: file:///Users/sureshbalasubramanian/Documents/Projects.nosync/Android_enKarma/enKarma/app/src/main/java/com/karma/sureshtrb/enKarma/MahalayaTpnmActivity.kt:2030:32 Unresolved reference 'MahalayaTPNMTextView'.
e: file:///Users/sureshbalasubramanian/Documents/Projects.nosync/Android_enKarma/enKarma/app/src/main/java/com/karma/sureshtrb/enKarma/MahalayaTpnmActivity.kt:2034:34 Unresolved reference 'MahalayaTPNMTextView'.
e: file:///Users/sureshbalasubramanian/Documents/Projects.nosync/Android_enKarma/enKarma/app/src/main/java/com/karma/sureshtrb/enKarma/MahalayaTpnmActivity.kt:2035:32 Unresolved reference 'MahalayaTPNMTextView'.
e: file:///Users/sureshbalasubramanian/Documents/Projects.nosync/Android_enKarma/enKarma/app/src/main/java/com/karma/sureshtrb/enKarma/MahalayaTpnmActivity.kt:2037:34 Unresolved reference 'MahalayaTPNMTextView'.
e: file:///Users/sureshbalasubramanian/Documents/Projects.nosync/Android_enKarma/enKarma/app/src/main/java/com/karma/sureshtrb/enKarma/MahalayaTpnmActivity.kt:2038:32 Unresolved reference 'MahalayaTPNMTextView'.
e: file:///Users/sureshbalasubramanian/Documents/Projects.nosync/Android_enKarma/enKarma/app/src/main/java/com/karma/sureshtrb/enKarma/MahalayaTpnmActivity.kt:2042:34 Unresolved reference 'MahalayaTPNMTextView'.
e: file:///Users/sureshbalasubramanian/Documents/Projects.nosync/Android_enKarma/enKarma/app/src/main/java/com/karma/sureshtrb/enKarma/MahalayaTpnmActivity.kt:2043:32 Unresolved reference 'MahalayaTPNMTextView'.
e: file:///Users/sureshbalasubramanian/Documents/Projects.nosync/Android_enKarma/enKarma/app/src/main/java/com/karma/sureshtrb/enKarma/MahalayaTpnmActivity.kt:2045:34 Unresolved reference 'MahalayaTPNMTextView'.
e: file:///Users/sureshbalasubramanian/Documents/Projects.nosync/Android_enKarma/enKarma/app/src/main/java/com/karma/sureshtrb/enKarma/MahalayaTpnmActivity.kt:2046:32 Unresolved reference 'MahalayaTPNMTextView'.
e: file:///Users/sureshbalasubramanian/Documents/Projects.nosync/Android_enKarma/enKarma/app/src/main/java/com/karma/sureshtrb/enKarma/MahalayaTpnmActivity.kt:2050:34 Unresolved reference 'MahalayaTPNMTextView'.
e: file:///Users/sureshbalasubramanian/Documents/Projects.nosync/Android_enKarma/enKarma/app/src/main/java/com/karma/sureshtrb/enKarma/MahalayaTpnmActivity.kt:2051:32 Unresolved reference 'MahalayaTPNMTextView'.
e: file:///Users/sureshbalasubramanian/Documents/Projects.nosync/Android_enKarma/enKarma/app/src/main/java/com/karma/sureshtrb/enKarma/MahalayaTpnmActivity.kt:2053:34 Unresolved reference 'MahalayaTPNMTextView'.
e: file:///Users/sureshbalasubramanian/Documents/Projects.nosync/Android_enKarma/enKarma/app/src/main/java/com/karma/sureshtrb/enKarma/MahalayaTpnmActivity.kt:2054:32 Unresolved reference 'MahalayaTPNMTextView'.
e: file:///Users/sureshbalasubramanian/Documents/Projects.nosync/Android_enKarma/enKarma/app/src/main/java/com/karma/sureshtrb/enKarma/MahalayaTpnmActivity.kt:2058:34 Unresolved reference 'MahalayaTPNMTextView'.
e: file:///Users/sureshbalasubramanian/Documents/Projects.nosync/Android_enKarma/enKarma/app/src/main/java/com/karma/sureshtrb/enKarma/MahalayaTpnmActivity.kt:2059:32 Unresolved reference 'MahalayaTPNMTextView'.
e: file:///Users/sureshbalasubramanian/Documents/Projects.nosync/Android_enKarma/enKarma/app/src/main/java/com/karma/sureshtrb/enKarma/MahalayaTpnmActivity.kt:2061:34 Unresolved reference 'MahalayaTPNMTextView'.
e: file:///Users/sureshbalasubramanian/Documents/Projects.nosync/Android_enKarma/enKarma/app/src/main/java/com/karma/sureshtrb/enKarma/MahalayaTpnmActivity.kt:2062:32 Unresolved reference 'MahalayaTPNMTextView'.
e: file:///Users/sureshbalasubramanian/Documents/Projects.nosync/Android_enKarma/enKarma/app/src/main/java/com/karma/sureshtrb/enKarma/MahalayaTpnmActivity.kt:2066:34 Unresolved reference 'MahalayaTPNMTextView'.
e: file:///Users/sureshbalasubramanian/Documents/Projects.nosync/Android_enKarma/enKarma/app/src/main/java/com/karma/sureshtrb/enKarma/MahalayaTpnmActivity.kt:2067:32 Unresolved reference 'MahalayaTPNMTextView'.
e: file:///Users/sureshbalasubramanian/Documents/Projects.nosync/Android_enKarma/enKarma/app/src/main/java/com/karma/sureshtrb/enKarma/MahalayaTpnmActivity.kt:2069:34 Unresolved reference 'MahalayaTPNMTextView'.
e: file:///Users/sureshbalasubramanian/Documents/Projects.nosync/Android_enKarma/enKarma/app/src/main/java/com/karma/sureshtrb/enKarma/MahalayaTpnmActivity.kt:2070:32 Unresolved reference 'MahalayaTPNMTextView'.
e: file:///Users/sureshbalasubramanian/Documents/Projects.nosync/Android_enKarma/enKarma/app/src/main/java/com/karma/sureshtrb/enKarma/MahalayaTpnmActivity.kt:2074:34 Unresolved reference 'MahalayaTPNMTextView'.
e: file:///Users/sureshbalasubramanian/Documents/Projects.nosync/Android_enKarma/enKarma/app/src/main/java/com/karma/sureshtrb/enKarma/MahalayaTpnmActivity.kt:2075:32 Unresolved reference 'MahalayaTPNMTextView'.
e: file:///Users/sureshbalasubramanian/Documents/Projects.nosync/Android_enKarma/enKarma/app/src/main/java/com/karma/sureshtrb/enKarma/MahalayaTpnmActivity.kt:2077:34 Unresolved reference 'MahalayaTPNMTextView'.
e: file:///Users/sureshbalasubramanian/Documents/Projects.nosync/Android_enKarma/enKarma/app/src/main/java/com/karma/sureshtrb/enKarma/MahalayaTpnmActivity.kt:2078:32 Unresolved reference 'MahalayaTPNMTextView'.
e: file:///Users/sureshbalasubramanian/Documents/Projects.nosync/Android_enKarma/enKarma/app/src/main/java/com/karma/sureshtrb/enKarma/MahalayaTpnmActivity.kt:2082:34 Unresolved reference 'MahalayaTPNMTextView'.
e: file:///Users/sureshbalasubramanian/Documents/Projects.nosync/Android_enKarma/enKarma/app/src/main/java/com/karma/sureshtrb/enKarma/MahalayaTpnmActivity.kt:2083:32 Unresolved reference 'MahalayaTPNMTextView'.
e: file:///Users/sureshbalasubramanian/Documents/Projects.nosync/Android_enKarma/enKarma/app/src/main/java/com/karma/sureshtrb/enKarma/MahalayaTpnmActivity.kt:2085:34 Unresolved reference 'MahalayaTPNMTextView'.
e: file:///Users/sureshbalasubramanian/Documents/Projects.nosync/Android_enKarma/enKarma/app/src/main/java/com/karma/sureshtrb/enKarma/MahalayaTpnmActivity.kt:2086:32 Unresolved reference 'MahalayaTPNMTextView'.
e: file:///Users/sureshbalasubramanian/Documents/Projects.nosync/Android_enKarma/enKarma/app/src/main/java/com/karma/sureshtrb/enKarma/MahalayaTpnmActivity.kt:2090:34 Unresolved reference 'MahalayaTPNMTextView'.
e: file:///Users/sureshbalasubramanian/Documents/Projects.nosync/Android_enKarma/enKarma/app/src/main/java/com/karma/sureshtrb/enKarma/MahalayaTpnmActivity.kt:2091:32 Unresolved reference 'MahalayaTPNMTextView'.
e: file:///Users/sureshbalasubramanian/Documents/Projects.nosync/Android_enKarma/enKarma/app/src/main/java/com/karma/sureshtrb/enKarma/MahalayaTpnmActivity.kt:2093:34 Unresolved reference 'MahalayaTPNMTextView'.
e: file:///Users/sureshbalasubramanian/Documents/Projects.nosync/Android_enKarma/enKarma/app/src/main/java/com/karma/sureshtrb/enKarma/MahalayaTpnmActivity.kt:2094:32 Unresolved reference 'MahalayaTPNMTextView'.
e: file:///Users/sureshbalasubramanian/Documents/Projects.nosync/Android_enKarma/enKarma/app/src/main/java/com/karma/sureshtrb/enKarma/MahalayaTpnmActivity.kt:2098:35 Unresolved reference 'MahalayaTPNMTextView'.
e: file:///Users/sureshbalasubramanian/Documents/Projects.nosync/Android_enKarma/enKarma/app/src/main/java/com/karma/sureshtrb/enKarma/MahalayaTpnmActivity.kt:2099:33 Unresolved reference 'MahalayaTPNMTextView'.
e: file:///Users/sureshbalasubramanian/Documents/Projects.nosync/Android_enKarma/enKarma/app/src/main/java/com/karma/sureshtrb/enKarma/MahalayaTpnmActivity.kt:2101:35 Unresolved reference 'MahalayaTPNMTextView'.
e: file:///Users/sureshbalasubramanian/Documents/Projects.nosync/Android_enKarma/enKarma/app/src/main/java/com/karma/sureshtrb/enKarma/MahalayaTpnmActivity.kt:2102:33 Unresolved reference 'MahalayaTPNMTextView'.
e: file:///Users/sureshbalasubramanian/Documents/Projects.nosync/Android_enKarma/enKarma/app/src/main/java/com/karma/sureshtrb/enKarma/MahalayaTpnmActivity.kt:2106:35 Unresolved reference 'MahalayaTPNMTextView'.
e: file:///Users/sureshbalasubramanian/Documents/Projects.nosync/Android_enKarma/enKarma/app/src/main/java/com/karma/sureshtrb/enKarma/MahalayaTpnmActivity.kt:2107:33 Unresolved reference 'MahalayaTPNMTextView'.
e: file:///Users/sureshbalasubramanian/Documents/Projects.nosync/Android_enKarma/enKarma/app/src/main/java/com/karma/sureshtrb/enKarma/MahalayaTpnmActivity.kt:2109:35 Unresolved reference 'MahalayaTPNMTextView'.
e: file:///Users/sureshbalasubramanian/Documents/Projects.nosync/Android_enKarma/enKarma/app/src/main/java/com/karma/sureshtrb/enKarma/MahalayaTpnmActivity.kt:2110:33 Unresolved reference 'MahalayaTPNMTextView'.
e: file:///Users/sureshbalasubramanian/Documents/Projects.nosync/Android_enKarma/enKarma/app/src/main/java/com/karma/sureshtrb/enKarma/MahalayaTpnmActivity.kt:2114:35 Unresolved reference 'MahalayaTPNMTextView'.
e: file:///Users/sureshbalasubramanian/Documents/Projects.nosync/Android_enKarma/enKarma/app/src/main/java/com/karma/sureshtrb/enKarma/MahalayaTpnmActivity.kt:2115:33 Unresolved reference 'MahalayaTPNMTextView'.
e: file:///Users/sureshbalasubramanian/Documents/Projects.nosync/Android_enKarma/enKarma/app/src/main/java/com/karma/sureshtrb/enKarma/MahalayaTpnmActivity.kt:2117:35 Unresolved reference 'MahalayaTPNMTextView'.
e: file:///Users/sureshbalasubramanian/Documents/Projects.nosync/Android_enKarma/enKarma/app/src/main/java/com/karma/sureshtrb/enKarma/MahalayaTpnmActivity.kt:2118:33 Unresolved reference 'MahalayaTPNMTextView'.
e: file:///Users/sureshbalasubramanian/Documents/Projects.nosync/Android_enKarma/enKarma/app/src/main/java/com/karma/sureshtrb/enKarma/MahalayaTpnmActivity.kt:2122:35 Unresolved reference 'MahalayaTPNMTextView'.
e: file:///Users/sureshbalasubramanian/Documents/Projects.nosync/Android_enKarma/enKarma/app/src/main/java/com/karma/sureshtrb/enKarma/MahalayaTpnmActivity.kt:2123:33 Unresolved reference 'MahalayaTPNMTextView'.
e: file:///Users/sureshbalasubramanian/Documents/Projects.nosync/Android_enKarma/enKarma/app/src/main/java/com/karma/sureshtrb/enKarma/MahalayaTpnmActivity.kt:2125:35 Unresolved reference 'MahalayaTPNMTextView'.
e: file:///Users/sureshbalasubramanian/Documents/Projects.nosync/Android_enKarma/enKarma/app/src/main/java/com/karma/sureshtrb/enKarma/MahalayaTpnmActivity.kt:2126:33 Unresolved reference 'MahalayaTPNMTextView'.
e: file:///Users/sureshbalasubramanian/Documents/Projects.nosync/Android_enKarma/enKarma/app/src/main/java/com/karma/sureshtrb/enKarma/MahalayaTpnmActivity.kt:2130:35 Unresolved reference 'MahalayaTPNMTextView'.
e: file:///Users/sureshbalasubramanian/Documents/Projects.nosync/Android_enKarma/enKarma/app/src/main/java/com/karma/sureshtrb/enKarma/MahalayaTpnmActivity.kt:2131:33 Unresolved reference 'MahalayaTPNMTextView'.
e: file:///Users/sureshbalasubramanian/Documents/Projects.nosync/Android_enKarma/enKarma/app/src/main/java/com/karma/sureshtrb/enKarma/MahalayaTpnmActivity.kt:2133:35 Unresolved reference 'MahalayaTPNMTextView'.
e: file:///Users/sureshbalasubramanian/Documents/Projects.nosync/Android_enKarma/enKarma/app/src/main/java/com/karma/sureshtrb/enKarma/MahalayaTpnmActivity.kt:2134:33 Unresolved reference 'MahalayaTPNMTextView'.
e: file:///Users/sureshbalasubramanian/Documents/Projects.nosync/Android_enKarma/enKarma/app/src/main/java/com/karma/sureshtrb/enKarma/MahalayaTpnmActivity.kt:2139:30 Unresolved reference 'MahalayaTPNMTextView'.
e: file:///Users/sureshbalasubramanian/Documents/Projects.nosync/Android_enKarma/enKarma/app/src/main/java/com/karma/sureshtrb/enKarma/MahalayaTpnmActivity.kt:2141:32 Unresolved reference 'MahalayaTPNMTextView'.
e: file:///Users/sureshbalasubramanian/Documents/Projects.nosync/Android_enKarma/enKarma/app/src/main/java/com/karma/sureshtrb/enKarma/MahalayaTpnmActivity.kt:2143:32 Unresolved reference 'MahalayaTPNMTextView'.
e: file:///Users/sureshbalasubramanian/Documents/Projects.nosync/Android_enKarma/enKarma/app/src/main/java/com/karma/sureshtrb/enKarma/MahalayaTpnmActivity.kt:2147:34 Unresolved reference 'MahalayaTPNMTextView'.
e: file:///Users/sureshbalasubramanian/Documents/Projects.nosync/Android_enKarma/enKarma/app/src/main/java/com/karma/sureshtrb/enKarma/MahalayaTpnmActivity.kt:2148:32 Unresolved reference 'MahalayaTPNMTextView'.
e: file:///Users/sureshbalasubramanian/Documents/Projects.nosync/Android_enKarma/enKarma/app/src/main/java/com/karma/sureshtrb/enKarma/MahalayaTpnmActivity.kt:2150:34 Unresolved reference 'MahalayaTPNMTextView'.
e: file:///Users/sureshbalasubramanian/Documents/Projects.nosync/Android_enKarma/enKarma/app/src/main/java/com/karma/sureshtrb/enKarma/MahalayaTpnmActivity.kt:2151:32 Unresolved reference 'MahalayaTPNMTextView'.
e: file:///Users/sureshbalasubramanian/Documents/Projects.nosync/Android_enKarma/enKarma/app/src/main/java/com/karma/sureshtrb/enKarma/MahalayaTpnmActivity.kt:2155:34 Unresolved reference 'MahalayaTPNMTextView'.
e: file:///Users/sureshbalasubramanian/Documents/Projects.nosync/Android_enKarma/enKarma/app/src/main/java/com/karma/sureshtrb/enKarma/MahalayaTpnmActivity.kt:2156:32 Unresolved reference 'MahalayaTPNMTextView'.
e: file:///Users/sureshbalasubramanian/Documents/Projects.nosync/Android_enKarma/enKarma/app/src/main/java/com/karma/sureshtrb/enKarma/MahalayaTpnmActivity.kt:2158:34 Unresolved reference 'MahalayaTPNMTextView'.
e: file:///Users/sureshbalasubramanian/Documents/Projects.nosync/Android_enKarma/enKarma/app/src/main/java/com/karma/sureshtrb/enKarma/MahalayaTpnmActivity.kt:2159:32 Unresolved reference 'MahalayaTPNMTextView'.
e: file:///Users/sureshbalasubramanian/Documents/Projects.nosync/Android_enKarma/enKarma/app/src/main/java/com/karma/sureshtrb/enKarma/MahalayaTpnmActivity.kt:2163:34 Unresolved reference 'MahalayaTPNMTextView'.
e: file:///Users/sureshbalasubramanian/Documents/Projects.nosync/Android_enKarma/enKarma/app/src/main/java/com/karma/sureshtrb/enKarma/MahalayaTpnmActivity.kt:2164:32 Unresolved reference 'MahalayaTPNMTextView'.
e: file:///Users/sureshbalasubramanian/Documents/Projects.nosync/Android_enKarma/enKarma/app/src/main/java/com/karma/sureshtrb/enKarma/MahalayaTpnmActivity.kt:2166:34 Unresolved reference 'MahalayaTPNMTextView'.
e: file:///Users/sureshbalasubramanian/Documents/Projects.nosync/Android_enKarma/enKarma/app/src/main/java/com/karma/sureshtrb/enKarma/MahalayaTpnmActivity.kt:2167:32 Unresolved reference 'MahalayaTPNMTextView'.
e: file:///Users/sureshbalasubramanian/Documents/Projects.nosync/Android_enKarma/enKarma/app/src/main/java/com/karma/sureshtrb/enKarma/MahalayaTpnmActivity.kt:2171:34 Unresolved reference 'MahalayaTPNMTextView'.
e: file:///Users/sureshbalasubramanian/Documents/Projects.nosync/Android_enKarma/enKarma/app/src/main/java/com/karma/sureshtrb/enKarma/MahalayaTpnmActivity.kt:2172:32 Unresolved reference 'MahalayaTPNMTextView'.
e: file:///Users/sureshbalasubramanian/Documents/Projects.nosync/Android_enKarma/enKarma/app/src/main/java/com/karma/sureshtrb/enKarma/MahalayaTpnmActivity.kt:2174:34 Unresolved reference 'MahalayaTPNMTextView'.
e: file:///Users/sureshbalasubramanian/Documents/Projects.nosync/Android_enKarma/enKarma/app/src/main/java/com/karma/sureshtrb/enKarma/MahalayaTpnmActivity.kt:2175:32 Unresolved reference 'MahalayaTPNMTextView'.
e: file:///Users/sureshbalasubramanian/Documents/Projects.nosync/Android_enKarma/enKarma/app/src/main/java/com/karma/sureshtrb/enKarma/MahalayaTpnmActivity.kt:2179:34 Unresolved reference 'MahalayaTPNMTextView'.
e: file:///Users/sureshbalasubramanian/Documents/Projects.nosync/Android_enKarma/enKarma/app/src/main/java/com/karma/sureshtrb/enKarma/MahalayaTpnmActivity.kt:2180:32 Unresolved reference 'MahalayaTPNMTextView'.
e: file:///Users/sureshbalasubramanian/Documents/Projects.nosync/Android_enKarma/enKarma/app/src/main/java/com/karma/sureshtrb/enKarma/MahalayaTpnmActivity.kt:2182:34 Unresolved reference 'MahalayaTPNMTextView'.
e: file:///Users/sureshbalasubramanian/Documents/Projects.nosync/Android_enKarma/enKarma/app/src/main/java/com/karma/sureshtrb/enKarma/MahalayaTpnmActivity.kt:2183:32 Unresolved reference 'MahalayaTPNMTextView'.
e: file:///Users/sureshbalasubramanian/Documents/Projects.nosync/Android_enKarma/enKarma/app/src/main/java/com/karma/sureshtrb/enKarma/MahalayaTpnmActivity.kt:2187:34 Unresolved reference 'MahalayaTPNMTextView'.
e: file:///Users/sureshbalasubramanian/Documents/Projects.nosync/Android_enKarma/enKarma/app/src/main/java/com/karma/sureshtrb/enKarma/MahalayaTpnmActivity.kt:2188:32 Unresolved reference 'MahalayaTPNMTextView'.
e: file:///Users/sureshbalasubramanian/Documents/Projects.nosync/Android_enKarma/enKarma/app/src/main/java/com/karma/sureshtrb/enKarma/MahalayaTpnmActivity.kt:2190:34 Unresolved reference 'MahalayaTPNMTextView'.
e: file:///Users/sureshbalasubramanian/Documents/Projects.nosync/Android_enKarma/enKarma/app/src/main/java/com/karma/sureshtrb/enKarma/MahalayaTpnmActivity.kt:2191:32 Unresolved reference 'MahalayaTPNMTextView'.
e: file:///Users/sureshbalasubramanian/Documents/Projects.nosync/Android_enKarma/enKarma/app/src/main/java/com/karma/sureshtrb/enKarma/MahalayaTpnmActivity.kt:2195:34 Unresolved reference 'MahalayaTPNMTextView'.
e: file:///Users/sureshbalasubramanian/Documents/Projects.nosync/Android_enKarma/enKarma/app/src/main/java/com/karma/sureshtrb/enKarma/MahalayaTpnmActivity.kt:2196:32 Unresolved reference 'MahalayaTPNMTextView'.
e: file:///Users/sureshbalasubramanian/Documents/Projects.nosync/Android_enKarma/enKarma/app/src/main/java/com/karma/sureshtrb/enKarma/MahalayaTpnmActivity.kt:2198:34 Unresolved reference 'MahalayaTPNMTextView'.
e: file:///Users/sureshbalasubramanian/Documents/Projects.nosync/Android_enKarma/enKarma/app/src/main/java/com/karma/sureshtrb/enKarma/MahalayaTpnmActivity.kt:2199:32 Unresolved reference 'MahalayaTPNMTextView'.
e: file:///Users/sureshbalasubramanian/Documents/Projects.nosync/Android_enKarma/enKarma/app/src/main/java/com/karma/sureshtrb/enKarma/MahalayaTpnmActivity.kt:2203:34 Unresolved reference 'MahalayaTPNMTextView'.
e: file:///Users/sureshbalasubramanian/Documents/Projects.nosync/Android_enKarma/enKarma/app/src/main/java/com/karma/sureshtrb/enKarma/MahalayaTpnmActivity.kt:2204:32 Unresolved reference 'MahalayaTPNMTextView'.
e: file:///Users/sureshbalasubramanian/Documents/Projects.nosync/Android_enKarma/enKarma/app/src/main/java/com/karma/sureshtrb/enKarma/MahalayaTpnmActivity.kt:2206:34 Unresolved reference 'MahalayaTPNMTextView'.
e: file:///Users/sureshbalasubramanian/Documents/Projects.nosync/Android_enKarma/enKarma/app/src/main/java/com/karma/sureshtrb/enKarma/MahalayaTpnmActivity.kt:2207:32 Unresolved reference 'MahalayaTPNMTextView'.
e: file:///Users/sureshbalasubramanian/Documents/Projects.nosync/Android_enKarma/enKarma/app/src/main/java/com/karma/sureshtrb/enKarma/MahalayaTpnmActivity.kt:2211:35 Unresolved reference 'MahalayaTPNMTextView'.
e: file:///Users/sureshbalasubramanian/Documents/Projects.nosync/Android_enKarma/enKarma/app/src/main/java/com/karma/sureshtrb/enKarma/MahalayaTpnmActivity.kt:2212:33 Unresolved reference 'MahalayaTPNMTextView'.
e: file:///Users/sureshbalasubramanian/Documents/Projects.nosync/Android_enKarma/enKarma/app/src/main/java/com/karma/sureshtrb/enKarma/MahalayaTpnmActivity.kt:2214:35 Unresolved reference 'MahalayaTPNMTextView'.
e: file:///Users/sureshbalasubramanian/Documents/Projects.nosync/Android_enKarma/enKarma/app/src/main/java/com/karma/sureshtrb/enKarma/MahalayaTpnmActivity.kt:2215:33 Unresolved reference 'MahalayaTPNMTextView'.
e: file:///Users/sureshbalasubramanian/Documents/Projects.nosync/Android_enKarma/enKarma/app/src/main/java/com/karma/sureshtrb/enKarma/MahalayaTpnmActivity.kt:2219:35 Unresolved reference 'MahalayaTPNMTextView'.
e: file:///Users/sureshbalasubramanian/Documents/Projects.nosync/Android_enKarma/enKarma/app/src/main/java/com/karma/sureshtrb/enKarma/MahalayaTpnmActivity.kt:2220:33 Unresolved reference 'MahalayaTPNMTextView'.
e: file:///Users/sureshbalasubramanian/Documents/Projects.nosync/Android_enKarma/enKarma/app/src/main/java/com/karma/sureshtrb/enKarma/MahalayaTpnmActivity.kt:2222:35 Unresolved reference 'MahalayaTPNMTextView'.
e: file:///Users/sureshbalasubramanian/Documents/Projects.nosync/Android_enKarma/enKarma/app/src/main/java/com/karma/sureshtrb/enKarma/MahalayaTpnmActivity.kt:2223:33 Unresolved reference 'MahalayaTPNMTextView'.
e: file:///Users/sureshbalasubramanian/Documents/Projects.nosync/Android_enKarma/enKarma/app/src/main/java/com/karma/sureshtrb/enKarma/MahalayaTpnmActivity.kt:2227:35 Unresolved reference 'MahalayaTPNMTextView'.
e: file:///Users/sureshbalasubramanian/Documents/Projects.nosync/Android_enKarma/enKarma/app/src/main/java/com/karma/sureshtrb/enKarma/MahalayaTpnmActivity.kt:2228:33 Unresolved reference 'MahalayaTPNMTextView'.
e: file:///Users/sureshbalasubramanian/Documents/Projects.nosync/Android_enKarma/enKarma/app/src/main/java/com/karma/sureshtrb/enKarma/MahalayaTpnmActivity.kt:2230:35 Unresolved reference 'MahalayaTPNMTextView'.
e: file:///Users/sureshbalasubramanian/Documents/Projects.nosync/Android_enKarma/enKarma/app/src/main/java/com/karma/sureshtrb/enKarma/MahalayaTpnmActivity.kt:2231:33 Unresolved reference 'MahalayaTPNMTextView'.
e: file:///Users/sureshbalasubramanian/Documents/Projects.nosync/Android_enKarma/enKarma/app/src/main/java/com/karma/sureshtrb/enKarma/MahalayaTpnmActivity.kt:2235:35 Unresolved reference 'MahalayaTPNMTextView'.
e: file:///Users/sureshbalasubramanian/Documents/Projects.nosync/Android_enKarma/enKarma/app/src/main/java/com/karma/sureshtrb/enKarma/MahalayaTpnmActivity.kt:2236:33 Unresolved reference 'MahalayaTPNMTextView'.
e: file:///Users/sureshbalasubramanian/Documents/Projects.nosync/Android_enKarma/enKarma/app/src/main/java/com/karma/sureshtrb/enKarma/MahalayaTpnmActivity.kt:2238:35 Unresolved reference 'MahalayaTPNMTextView'.
e: file:///Users/sureshbalasubramanian/Documents/Projects.nosync/Android_enKarma/enKarma/app/src/main/java/com/karma/sureshtrb/enKarma/MahalayaTpnmActivity.kt:2239:33 Unresolved reference 'MahalayaTPNMTextView'.
e: file:///Users/sureshbalasubramanian/Documents/Projects.nosync/Android_enKarma/enKarma/app/src/main/java/com/karma/sureshtrb/enKarma/MahalayaTpnmActivity.kt:2243:35 Unresolved reference 'MahalayaTPNMTextView'.
e: file:///Users/sureshbalasubramanian/Documents/Projects.nosync/Android_enKarma/enKarma/app/src/main/java/com/karma/sureshtrb/enKarma/MahalayaTpnmActivity.kt:2244:33 Unresolved reference 'MahalayaTPNMTextView'.
e: file:///Users/sureshbalasubramanian/Documents/Projects.nosync/Android_enKarma/enKarma/app/src/main/java/com/karma/sureshtrb/enKarma/MahalayaTpnmActivity.kt:2246:35 Unresolved reference 'MahalayaTPNMTextView'.
e: file:///Users/sureshbalasubramanian/Documents/Projects.nosync/Android_enKarma/enKarma/app/src/main/java/com/karma/sureshtrb/enKarma/MahalayaTpnmActivity.kt:2247:33 Unresolved reference 'MahalayaTPNMTextView'.
e: file:///Users/sureshbalasubramanian/Documents/Projects.nosync/Android_enKarma/enKarma/app/src/main/java/com/karma/sureshtrb/enKarma/MahalayaTpnmActivity.kt:2251:35 Unresolved reference 'MahalayaTPNMTextView'.
e: file:///Users/sureshbalasubramanian/Documents/Projects.nosync/Android_enKarma/enKarma/app/src/main/java/com/karma/sureshtrb/enKarma/MahalayaTpnmActivity.kt:2252:33 Unresolved reference 'MahalayaTPNMTextView'.
e: file:///Users/sureshbalasubramanian/Documents/Projects.nosync/Android_enKarma/enKarma/app/src/main/java/com/karma/sureshtrb/enKarma/MahalayaTpnmActivity.kt:2254:35 Unresolved reference 'MahalayaTPNMTextView'.
e: file:///Users/sureshbalasubramanian/Documents/Projects.nosync/Android_enKarma/enKarma/app/src/main/java/com/karma/sureshtrb/enKarma/MahalayaTpnmActivity.kt:2255:33 Unresolved reference 'MahalayaTPNMTextView'.
e: file:///Users/sureshbalasubramanian/Documents/Projects.nosync/Android_enKarma/enKarma/app/src/main/java/com/karma/sureshtrb/enKarma/MahalayaTpnmActivity.kt:2260:30 Unresolved reference 'MahalayaTPNMTextView'.
e: file:///Users/sureshbalasubramanian/Documents/Projects.nosync/Android_enKarma/enKarma/app/src/main/java/com/karma/sureshtrb/enKarma/MahalayaTpnmActivity.kt:2262:32 Unresolved reference 'MahalayaTPNMTextView'.
e: file:///Users/sureshbalasubramanian/Documents/Projects.nosync/Android_enKarma/enKarma/app/src/main/java/com/karma/sureshtrb/enKarma/MahalayaTpnmActivity.kt:2264:32 Unresolved reference 'MahalayaTPNMTextView'.
e: file:///Users/sureshbalasubramanian/Documents/Projects.nosync/Android_enKarma/enKarma/app/src/main/java/com/karma/sureshtrb/enKarma/MahalayaTpnmActivity.kt:2268:34 Unresolved reference 'MahalayaTPNMTextView'.
e: file:///Users/sureshbalasubramanian/Documents/Projects.nosync/Android_enKarma/enKarma/app/src/main/java/com/karma/sureshtrb/enKarma/MahalayaTpnmActivity.kt:2269:32 Unresolved reference 'MahalayaTPNMTextView'.
e: file:///Users/sureshbalasubramanian/Documents/Projects.nosync/Android_enKarma/enKarma/app/src/main/java/com/karma/sureshtrb/enKarma/MahalayaTpnmActivity.kt:2271:34 Unresolved reference 'MahalayaTPNMTextView'.
e: file:///Users/sureshbalasubramanian/Documents/Projects.nosync/Android_enKarma/enKarma/app/src/main/java/com/karma/sureshtrb/enKarma/MahalayaTpnmActivity.kt:2272:32 Unresolved reference 'MahalayaTPNMTextView'.
e: file:///Users/sureshbalasubramanian/Documents/Projects.nosync/Android_enKarma/enKarma/app/src/main/java/com/karma/sureshtrb/enKarma/MahalayaTpnmActivity.kt:2276:34 Unresolved reference 'MahalayaTPNMTextView'.
e: file:///Users/sureshbalasubramanian/Documents/Projects.nosync/Android_enKarma/enKarma/app/src/main/java/com/karma/sureshtrb/enKarma/MahalayaTpnmActivity.kt:2277:32 Unresolved reference 'MahalayaTPNMTextView'.
e: file:///Users/sureshbalasubramanian/Documents/Projects.nosync/Android_enKarma/enKarma/app/src/main/java/com/karma/sureshtrb/enKarma/MahalayaTpnmActivity.kt:2279:34 Unresolved reference 'MahalayaTPNMTextView'.
e: file:///Users/sureshbalasubramanian/Documents/Projects.nosync/Android_enKarma/enKarma/app/src/main/java/com/karma/sureshtrb/enKarma/MahalayaTpnmActivity.kt:2280:32 Unresolved reference 'MahalayaTPNMTextView'.
e: file:///Users/sureshbalasubramanian/Documents/Projects.nosync/Android_enKarma/enKarma/app/src/main/java/com/karma/sureshtrb/enKarma/MahalayaTpnmActivity.kt:2284:34 Unresolved reference 'MahalayaTPNMTextView'.
e: file:///Users/sureshbalasubramanian/Documents/Projects.nosync/Android_enKarma/enKarma/app/src/main/java/com/karma/sureshtrb/enKarma/MahalayaTpnmActivity.kt:2285:32 Unresolved reference 'MahalayaTPNMTextView'.
e: file:///Users/sureshbalasubramanian/Documents/Projects.nosync/Android_enKarma/enKarma/app/src/main/java/com/karma/sureshtrb/enKarma/MahalayaTpnmActivity.kt:2287:34 Unresolved reference 'MahalayaTPNMTextView'.
e: file:///Users/sureshbalasubramanian/Documents/Projects.nosync/Android_enKarma/enKarma/app/src/main/java/com/karma/sureshtrb/enKarma/MahalayaTpnmActivity.kt:2288:32 Unresolved reference 'MahalayaTPNMTextView'.
e: file:///Users/sureshbalasubramanian/Documents/Projects.nosync/Android_enKarma/enKarma/app/src/main/java/com/karma/sureshtrb/enKarma/MahalayaTpnmActivity.kt:2292:34 Unresolved reference 'MahalayaTPNMTextView'.
e: file:///Users/sureshbalasubramanian/Documents/Projects.nosync/Android_enKarma/enKarma/app/src/main/java/com/karma/sureshtrb/enKarma/MahalayaTpnmActivity.kt:2293:32 Unresolved reference 'MahalayaTPNMTextView'.
e: file:///Users/sureshbalasubramanian/Documents/Projects.nosync/Android_enKarma/enKarma/app/src/main/java/com/karma/sureshtrb/enKarma/MahalayaTpnmActivity.kt:2295:34 Unresolved reference 'MahalayaTPNMTextView'.
e: file:///Users/sureshbalasubramanian/Documents/Projects.nosync/Android_enKarma/enKarma/app/src/main/java/com/karma/sureshtrb/enKarma/MahalayaTpnmActivity.kt:2296:32 Unresolved reference 'MahalayaTPNMTextView'.
e: file:///Users/sureshbalasubramanian/Documents/Projects.nosync/Android_enKarma/enKarma/app/src/main/java/com/karma/sureshtrb/enKarma/MahalayaTpnmActivity.kt:2300:34 Unresolved reference 'MahalayaTPNMTextView'.
e: file:///Users/sureshbalasubramanian/Documents/Projects.nosync/Android_enKarma/enKarma/app/src/main/java/com/karma/sureshtrb/enKarma/MahalayaTpnmActivity.kt:2301:32 Unresolved reference 'MahalayaTPNMTextView'.
e: file:///Users/sureshbalasubramanian/Documents/Projects.nosync/Android_enKarma/enKarma/app/src/main/java/com/karma/sureshtrb/enKarma/MahalayaTpnmActivity.kt:2303:34 Unresolved reference 'MahalayaTPNMTextView'.
e: file:///Users/sureshbalasubramanian/Documents/Projects.nosync/Android_enKarma/enKarma/app/src/main/java/com/karma/sureshtrb/enKarma/MahalayaTpnmActivity.kt:2304:32 Unresolved reference 'MahalayaTPNMTextView'.
e: file:///Users/sureshbalasubramanian/Documents/Projects.nosync/Android_enKarma/enKarma/app/src/main/java/com/karma/sureshtrb/enKarma/MahalayaTpnmActivity.kt:2308:34 Unresolved reference 'MahalayaTPNMTextView'.
e: file:///Users/sureshbalasubramanian/Documents/Projects.nosync/Android_enKarma/enKarma/app/src/main/java/com/karma/sureshtrb/enKarma/MahalayaTpnmActivity.kt:2309:32 Unresolved reference 'MahalayaTPNMTextView'.
e: file:///Users/sureshbalasubramanian/Documents/Projects.nosync/Android_enKarma/enKarma/app/src/main/java/com/karma/sureshtrb/enKarma/MahalayaTpnmActivity.kt:2311:34 Unresolved reference 'MahalayaTPNMTextView'.
e: file:///Users/sureshbalasubramanian/Documents/Projects.nosync/Android_enKarma/enKarma/app/src/main/java/com/karma/sureshtrb/enKarma/MahalayaTpnmActivity.kt:2312:32 Unresolved reference 'MahalayaTPNMTextView'.
e: file:///Users/sureshbalasubramanian/Documents/Projects.nosync/Android_enKarma/enKarma/app/src/main/java/com/karma/sureshtrb/enKarma/MahalayaTpnmActivity.kt:2316:34 Unresolved reference 'MahalayaTPNMTextView'.
e: file:///Users/sureshbalasubramanian/Documents/Projects.nosync/Android_enKarma/enKarma/app/src/main/java/com/karma/sureshtrb/enKarma/MahalayaTpnmActivity.kt:2317:32 Unresolved reference 'MahalayaTPNMTextView'.
e: file:///Users/sureshbalasubramanian/Documents/Projects.nosync/Android_enKarma/enKarma/app/src/main/java/com/karma/sureshtrb/enKarma/MahalayaTpnmActivity.kt:2319:34 Unresolved reference 'MahalayaTPNMTextView'.
e: file:///Users/sureshbalasubramanian/Documents/Projects.nosync/Android_enKarma/enKarma/app/src/main/java/com/karma/sureshtrb/enKarma/MahalayaTpnmActivity.kt:2320:32 Unresolved reference 'MahalayaTPNMTextView'.
e: file:///Users/sureshbalasubramanian/Documents/Projects.nosync/Android_enKarma/enKarma/app/src/main/java/com/karma/sureshtrb/enKarma/MahalayaTpnmActivity.kt:2324:34 Unresolved reference 'MahalayaTPNMTextView'.
e: file:///Users/sureshbalasubramanian/Documents/Projects.nosync/Android_enKarma/enKarma/app/src/main/java/com/karma/sureshtrb/enKarma/MahalayaTpnmActivity.kt:2325:32 Unresolved reference 'MahalayaTPNMTextView'.
e: file:///Users/sureshbalasubramanian/Documents/Projects.nosync/Android_enKarma/enKarma/app/src/main/java/com/karma/sureshtrb/enKarma/MahalayaTpnmActivity.kt:2327:34 Unresolved reference 'MahalayaTPNMTextView'.
e: file:///Users/sureshbalasubramanian/Documents/Projects.nosync/Android_enKarma/enKarma/app/src/main/java/com/karma/sureshtrb/enKarma/MahalayaTpnmActivity.kt:2328:32 Unresolved reference 'MahalayaTPNMTextView'.
e: file:///Users/sureshbalasubramanian/Documents/Projects.nosync/Android_enKarma/enKarma/app/src/main/java/com/karma/sureshtrb/enKarma/MahalayaTpnmActivity.kt:2332:35 Unresolved reference 'MahalayaTPNMTextView'.
e: file:///Users/sureshbalasubramanian/Documents/Projects.nosync/Android_enKarma/enKarma/app/src/main/java/com/karma/sureshtrb/enKarma/MahalayaTpnmActivity.kt:2333:33 Unresolved reference 'MahalayaTPNMTextView'.
e: file:///Users/sureshbalasubramanian/Documents/Projects.nosync/Android_enKarma/enKarma/app/src/main/java/com/karma/sureshtrb/enKarma/MahalayaTpnmActivity.kt:2335:35 Unresolved reference 'MahalayaTPNMTextView'.
e: file:///Users/sureshbalasubramanian/Documents/Projects.nosync/Android_enKarma/enKarma/app/src/main/java/com/karma/sureshtrb/enKarma/MahalayaTpnmActivity.kt:2336:33 Unresolved reference 'MahalayaTPNMTextView'.
e: file:///Users/sureshbalasubramanian/Documents/Projects.nosync/Android_enKarma/enKarma/app/src/main/java/com/karma/sureshtrb/enKarma/MahalayaTpnmActivity.kt:2340:35 Unresolved reference 'MahalayaTPNMTextView'.
e: file:///Users/sureshbalasubramanian/Documents/Projects.nosync/Android_enKarma/enKarma/app/src/main/java/com/karma/sureshtrb/enKarma/MahalayaTpnmActivity.kt:2341:33 Unresolved reference 'MahalayaTPNMTextView'.
e: file:///Users/sureshbalasubramanian/Documents/Projects.nosync/Android_enKarma/enKarma/app/src/main/java/com/karma/sureshtrb/enKarma/MahalayaTpnmActivity.kt:2343:35 Unresolved reference 'MahalayaTPNMTextView'.
e: file:///Users/sureshbalasubramanian/Documents/Projects.nosync/Android_enKarma/enKarma/app/src/main/java/com/karma/sureshtrb/enKarma/MahalayaTpnmActivity.kt:2344:33 Unresolved reference 'MahalayaTPNMTextView'.
e: file:///Users/sureshbalasubramanian/Documents/Projects.nosync/Android_enKarma/enKarma/app/src/main/java/com/karma/sureshtrb/enKarma/MahalayaTpnmActivity.kt:2348:35 Unresolved reference 'MahalayaTPNMTextView'.
e: file:///Users/sureshbalasubramanian/Documents/Projects.nosync/Android_enKarma/enKarma/app/src/main/java/com/karma/sureshtrb/enKarma/MahalayaTpnmActivity.kt:2349:33 Unresolved reference 'MahalayaTPNMTextView'.
e: file:///Users/sureshbalasubramanian/Documents/Projects.nosync/Android_enKarma/enKarma/app/src/main/java/com/karma/sureshtrb/enKarma/MahalayaTpnmActivity.kt:2351:35 Unresolved reference 'MahalayaTPNMTextView'.
e: file:///Users/sureshbalasubramanian/Documents/Projects.nosync/Android_enKarma/enKarma/app/src/main/java/com/karma/sureshtrb/enKarma/MahalayaTpnmActivity.kt:2352:33 Unresolved reference 'MahalayaTPNMTextView'.
e: file:///Users/sureshbalasubramanian/Documents/Projects.nosync/Android_enKarma/enKarma/app/src/main/java/com/karma/sureshtrb/enKarma/MahalayaTpnmActivity.kt:2356:35 Unresolved reference 'MahalayaTPNMTextView'.
e: file:///Users/sureshbalasubramanian/Documents/Projects.nosync/Android_enKarma/enKarma/app/src/main/java/com/karma/sureshtrb/enKarma/MahalayaTpnmActivity.kt:2357:33 Unresolved reference 'MahalayaTPNMTextView'.
e: file:///Users/sureshbalasubramanian/Documents/Projects.nosync/Android_enKarma/enKarma/app/src/main/java/com/karma/sureshtrb/enKarma/MahalayaTpnmActivity.kt:2359:35 Unresolved reference 'MahalayaTPNMTextView'.
e: file:///Users/sureshbalasubramanian/Documents/Projects.nosync/Android_enKarma/enKarma/app/src/main/java/com/karma/sureshtrb/enKarma/MahalayaTpnmActivity.kt:2360:33 Unresolved reference 'MahalayaTPNMTextView'.
e: file:///Users/sureshbalasubramanian/Documents/Projects.nosync/Android_enKarma/enKarma/app/src/main/java/com/karma/sureshtrb/enKarma/MahalayaTpnmActivity.kt:2364:35 Unresolved reference 'MahalayaTPNMTextView'.
e: file:///Users/sureshbalasubramanian/Documents/Projects.nosync/Android_enKarma/enKarma/app/src/main/java/com/karma/sureshtrb/enKarma/MahalayaTpnmActivity.kt:2365:33 Unresolved reference 'MahalayaTPNMTextView'.
e: file:///Users/sureshbalasubramanian/Documents/Projects.nosync/Android_enKarma/enKarma/app/src/main/java/com/karma/sureshtrb/enKarma/MahalayaTpnmActivity.kt:2367:35 Unresolved reference 'MahalayaTPNMTextView'.
e: file:///Users/sureshbalasubramanian/Documents/Projects.nosync/Android_enKarma/enKarma/app/src/main/java/com/karma/sureshtrb/enKarma/MahalayaTpnmActivity.kt:2368:33 Unresolved reference 'MahalayaTPNMTextView'.
e: file:///Users/sureshbalasubramanian/Documents/Projects.nosync/Android_enKarma/enKarma/app/src/main/java/com/karma/sureshtrb/enKarma/MahalayaTpnmActivity.kt:2372:35 Unresolved reference 'MahalayaTPNMTextView'.
e: file:///Users/sureshbalasubramanian/Documents/Projects.nosync/Android_enKarma/enKarma/app/src/main/java/com/karma/sureshtrb/enKarma/MahalayaTpnmActivity.kt:2373:33 Unresolved reference 'MahalayaTPNMTextView'.
e: file:///Users/sureshbalasubramanian/Documents/Projects.nosync/Android_enKarma/enKarma/app/src/main/java/com/karma/sureshtrb/enKarma/MahalayaTpnmActivity.kt:2375:35 Unresolved reference 'MahalayaTPNMTextView'.
e: file:///Users/sureshbalasubramanian/Documents/Projects.nosync/Android_enKarma/enKarma/app/src/main/java/com/karma/sureshtrb/enKarma/MahalayaTpnmActivity.kt:2376:33 Unresolved reference 'MahalayaTPNMTextView'.
e: file:///Users/sureshbalasubramanian/Documents/Projects.nosync/Android_enKarma/enKarma/app/src/main/java/com/karma/sureshtrb/enKarma/MahalayaTpnmActivity.kt:2380:35 Unresolved reference 'MahalayaTPNMTextView'.
e: file:///Users/sureshbalasubramanian/Documents/Projects.nosync/Android_enKarma/enKarma/app/src/main/java/com/karma/sureshtrb/enKarma/MahalayaTpnmActivity.kt:2381:33 Unresolved reference 'MahalayaTPNMTextView'.
e: file:///Users/sureshbalasubramanian/Documents/Projects.nosync/Android_enKarma/enKarma/app/src/main/java/com/karma/sureshtrb/enKarma/MahalayaTpnmActivity.kt:2383:35 Unresolved reference 'MahalayaTPNMTextView'.
e: file:///Users/sureshbalasubramanian/Documents/Projects.nosync/Android_enKarma/enKarma/app/src/main/java/com/karma/sureshtrb/enKarma/MahalayaTpnmActivity.kt:2384:33 Unresolved reference 'MahalayaTPNMTextView'.
e: file:///Users/sureshbalasubramanian/Documents/Projects.nosync/Android_enKarma/enKarma/app/src/main/java/com/karma/sureshtrb/enKarma/MahalayaTpnmActivity.kt:2389:30 Unresolved reference 'MahalayaTPNMTextView'.
e: file:///Users/sureshbalasubramanian/Documents/Projects.nosync/Android_enKarma/enKarma/app/src/main/java/com/karma/sureshtrb/enKarma/MahalayaTpnmActivity.kt:2391:32 Unresolved reference 'MahalayaTPNMTextView'.
e: file:///Users/sureshbalasubramanian/Documents/Projects.nosync/Android_enKarma/enKarma/app/src/main/java/com/karma/sureshtrb/enKarma/MahalayaTpnmActivity.kt:2393:32 Unresolved reference 'MahalayaTPNMTextView'.
e: file:///Users/sureshbalasubramanian/Documents/Projects.nosync/Android_enKarma/enKarma/app/src/main/java/com/karma/sureshtrb/enKarma/MahalayaTpnmActivity.kt:2397:34 Unresolved reference 'MahalayaTPNMTextView'.
e: file:///Users/sureshbalasubramanian/Documents/Projects.nosync/Android_enKarma/enKarma/app/src/main/java/com/karma/sureshtrb/enKarma/MahalayaTpnmActivity.kt:2398:32 Unresolved reference 'MahalayaTPNMTextView'.
e: file:///Users/sureshbalasubramanian/Documents/Projects.nosync/Android_enKarma/enKarma/app/src/main/java/com/karma/sureshtrb/enKarma/MahalayaTpnmActivity.kt:2400:34 Unresolved reference 'MahalayaTPNMTextView'.
e: file:///Users/sureshbalasubramanian/Documents/Projects.nosync/Android_enKarma/enKarma/app/src/main/java/com/karma/sureshtrb/enKarma/MahalayaTpnmActivity.kt:2401:32 Unresolved reference 'MahalayaTPNMTextView'.
e: file:///Users/sureshbalasubramanian/Documents/Projects.nosync/Android_enKarma/enKarma/app/src/main/java/com/karma/sureshtrb/enKarma/MahalayaTpnmActivity.kt:2405:34 Unresolved reference 'MahalayaTPNMTextView'.
e: file:///Users/sureshbalasubramanian/Documents/Projects.nosync/Android_enKarma/enKarma/app/src/main/java/com/karma/sureshtrb/enKarma/MahalayaTpnmActivity.kt:2406:32 Unresolved reference 'MahalayaTPNMTextView'.
e: file:///Users/sureshbalasubramanian/Documents/Projects.nosync/Android_enKarma/enKarma/app/src/main/java/com/karma/sureshtrb/enKarma/MahalayaTpnmActivity.kt:2408:34 Unresolved reference 'MahalayaTPNMTextView'.
e: file:///Users/sureshbalasubramanian/Documents/Projects.nosync/Android_enKarma/enKarma/app/src/main/java/com/karma/sureshtrb/enKarma/MahalayaTpnmActivity.kt:2409:32 Unresolved reference 'MahalayaTPNMTextView'.
e: file:///Users/sureshbalasubramanian/Documents/Projects.nosync/Android_enKarma/enKarma/app/src/main/java/com/karma/sureshtrb/enKarma/MahalayaTpnmActivity.kt:2413:34 Unresolved reference 'MahalayaTPNMTextView'.
e: file:///Users/sureshbalasubramanian/Documents/Projects.nosync/Android_enKarma/enKarma/app/src/main/java/com/karma/sureshtrb/enKarma/MahalayaTpnmActivity.kt:2414:32 Unresolved reference 'MahalayaTPNMTextView'.
e: file:///Users/sureshbalasubramanian/Documents/Projects.nosync/Android_enKarma/enKarma/app/src/main/java/com/karma/sureshtrb/enKarma/MahalayaTpnmActivity.kt:2416:34 Unresolved reference 'MahalayaTPNMTextView'.
e: file:///Users/sureshbalasubramanian/Documents/Projects.nosync/Android_enKarma/enKarma/app/src/main/java/com/karma/sureshtrb/enKarma/MahalayaTpnmActivity.kt:2417:32 Unresolved reference 'MahalayaTPNMTextView'.
e: file:///Users/sureshbalasubramanian/Documents/Projects.nosync/Android_enKarma/enKarma/app/src/main/java/com/karma/sureshtrb/enKarma/MahalayaTpnmActivity.kt:2421:34 Unresolved reference 'MahalayaTPNMTextView'.
e: file:///Users/sureshbalasubramanian/Documents/Projects.nosync/Android_enKarma/enKarma/app/src/main/java/com/karma/sureshtrb/enKarma/MahalayaTpnmActivity.kt:2422:32 Unresolved reference 'MahalayaTPNMTextView'.
e: file:///Users/sureshbalasubramanian/Documents/Projects.nosync/Android_enKarma/enKarma/app/src/main/java/com/karma/sureshtrb/enKarma/MahalayaTpnmActivity.kt:2424:34 Unresolved reference 'MahalayaTPNMTextView'.
e: file:///Users/sureshbalasubramanian/Documents/Projects.nosync/Android_enKarma/enKarma/app/src/main/java/com/karma/sureshtrb/enKarma/MahalayaTpnmActivity.kt:2425:32 Unresolved reference 'MahalayaTPNMTextView'.
e: file:///Users/sureshbalasubramanian/Documents/Projects.nosync/Android_enKarma/enKarma/app/src/main/java/com/karma/sureshtrb/enKarma/MahalayaTpnmActivity.kt:2429:34 Unresolved reference 'MahalayaTPNMTextView'.
e: file:///Users/sureshbalasubramanian/Documents/Projects.nosync/Android_enKarma/enKarma/app/src/main/java/com/karma/sureshtrb/enKarma/MahalayaTpnmActivity.kt:2430:32 Unresolved reference 'MahalayaTPNMTextView'.
e: file:///Users/sureshbalasubramanian/Documents/Projects.nosync/Android_enKarma/enKarma/app/src/main/java/com/karma/sureshtrb/enKarma/MahalayaTpnmActivity.kt:2432:34 Unresolved reference 'MahalayaTPNMTextView'.
e: file:///Users/sureshbalasubramanian/Documents/Projects.nosync/Android_enKarma/enKarma/app/src/main/java/com/karma/sureshtrb/enKarma/MahalayaTpnmActivity.kt:2433:32 Unresolved reference 'MahalayaTPNMTextView'.
e: file:///Users/sureshbalasubramanian/Documents/Projects.nosync/Android_enKarma/enKarma/app/src/main/java/com/karma/sureshtrb/enKarma/MahalayaTpnmActivity.kt:2437:34 Unresolved reference 'MahalayaTPNMTextView'.
e: file:///Users/sureshbalasubramanian/Documents/Projects.nosync/Android_enKarma/enKarma/app/src/main/java/com/karma/sureshtrb/enKarma/MahalayaTpnmActivity.kt:2438:32 Unresolved reference 'MahalayaTPNMTextView'.
e: file:///Users/sureshbalasubramanian/Documents/Projects.nosync/Android_enKarma/enKarma/app/src/main/java/com/karma/sureshtrb/enKarma/MahalayaTpnmActivity.kt:2440:34 Unresolved reference 'MahalayaTPNMTextView'.
e: file:///Users/sureshbalasubramanian/Documents/Projects.nosync/Android_enKarma/enKarma/app/src/main/java/com/karma/sureshtrb/enKarma/MahalayaTpnmActivity.kt:2441:32 Unresolved reference 'MahalayaTPNMTextView'.
e: file:///Users/sureshbalasubramanian/Documents/Projects.nosync/Android_enKarma/enKarma/app/src/main/java/com/karma/sureshtrb/enKarma/MahalayaTpnmActivity.kt:2445:34 Unresolved reference 'MahalayaTPNMTextView'.
e: file:///Users/sureshbalasubramanian/Documents/Projects.nosync/Android_enKarma/enKarma/app/src/main/java/com/karma/sureshtrb/enKarma/MahalayaTpnmActivity.kt:2446:32 Unresolved reference 'MahalayaTPNMTextView'.
e: file:///Users/sureshbalasubramanian/Documents/Projects.nosync/Android_enKarma/enKarma/app/src/main/java/com/karma/sureshtrb/enKarma/MahalayaTpnmActivity.kt:2448:34 Unresolved reference 'MahalayaTPNMTextView'.
e: file:///Users/sureshbalasubramanian/Documents/Projects.nosync/Android_enKarma/enKarma/app/src/main/java/com/karma/sureshtrb/enKarma/MahalayaTpnmActivity.kt:2449:32 Unresolved reference 'MahalayaTPNMTextView'.
e: file:///Users/sureshbalasubramanian/Documents/Projects.nosync/Android_enKarma/enKarma/app/src/main/java/com/karma/sureshtrb/enKarma/MahalayaTpnmActivity.kt:2453:34 Unresolved reference 'MahalayaTPNMTextView'.
e: file:///Users/sureshbalasubramanian/Documents/Projects.nosync/Android_enKarma/enKarma/app/src/main/java/com/karma/sureshtrb/enKarma/MahalayaTpnmActivity.kt:2454:32 Unresolved reference 'MahalayaTPNMTextView'.
e: file:///Users/sureshbalasubramanian/Documents/Projects.nosync/Android_enKarma/enKarma/app/src/main/java/com/karma/sureshtrb/enKarma/MahalayaTpnmActivity.kt:2456:34 Unresolved reference 'MahalayaTPNMTextView'.
e: file:///Users/sureshbalasubramanian/Documents/Projects.nosync/Android_enKarma/enKarma/app/src/main/java/com/karma/sureshtrb/enKarma/MahalayaTpnmActivity.kt:2457:32 Unresolved reference 'MahalayaTPNMTextView'.
e: file:///Users/sureshbalasubramanian/Documents/Projects.nosync/Android_enKarma/enKarma/app/src/main/java/com/karma/sureshtrb/enKarma/MahalayaTpnmActivity.kt:2461:35 Unresolved reference 'MahalayaTPNMTextView'.
e: file:///Users/sureshbalasubramanian/Documents/Projects.nosync/Android_enKarma/enKarma/app/src/main/java/com/karma/sureshtrb/enKarma/MahalayaTpnmActivity.kt:2462:33 Unresolved reference 'MahalayaTPNMTextView'.
e: file:///Users/sureshbalasubramanian/Documents/Projects.nosync/Android_enKarma/enKarma/app/src/main/java/com/karma/sureshtrb/enKarma/MahalayaTpnmActivity.kt:2464:35 Unresolved reference 'MahalayaTPNMTextView'.
e: file:///Users/sureshbalasubramanian/Documents/Projects.nosync/Android_enKarma/enKarma/app/src/main/java/com/karma/sureshtrb/enKarma/MahalayaTpnmActivity.kt:2465:33 Unresolved reference 'MahalayaTPNMTextView'.
e: file:///Users/sureshbalasubramanian/Documents/Projects.nosync/Android_enKarma/enKarma/app/src/main/java/com/karma/sureshtrb/enKarma/MahalayaTpnmActivity.kt:2469:35 Unresolved reference 'MahalayaTPNMTextView'.
e: file:///Users/sureshbalasubramanian/Documents/Projects.nosync/Android_enKarma/enKarma/app/src/main/java/com/karma/sureshtrb/enKarma/MahalayaTpnmActivity.kt:2470:33 Unresolved reference 'MahalayaTPNMTextView'.
e: file:///Users/sureshbalasubramanian/Documents/Projects.nosync/Android_enKarma/enKarma/app/src/main/java/com/karma/sureshtrb/enKarma/MahalayaTpnmActivity.kt:2472:35 Unresolved reference 'MahalayaTPNMTextView'.
e: file:///Users/sureshbalasubramanian/Documents/Projects.nosync/Android_enKarma/enKarma/app/src/main/java/com/karma/sureshtrb/enKarma/MahalayaTpnmActivity.kt:2473:33 Unresolved reference 'MahalayaTPNMTextView'.
e: file:///Users/sureshbalasubramanian/Documents/Projects.nosync/Android_enKarma/enKarma/app/src/main/java/com/karma/sureshtrb/enKarma/MahalayaTpnmActivity.kt:2477:35 Unresolved reference 'MahalayaTPNMTextView'.
e: file:///Users/sureshbalasubramanian/Documents/Projects.nosync/Android_enKarma/enKarma/app/src/main/java/com/karma/sureshtrb/enKarma/MahalayaTpnmActivity.kt:2478:33 Unresolved reference 'MahalayaTPNMTextView'.
e: file:///Users/sureshbalasubramanian/Documents/Projects.nosync/Android_enKarma/enKarma/app/src/main/java/com/karma/sureshtrb/enKarma/MahalayaTpnmActivity.kt:2480:35 Unresolved reference 'MahalayaTPNMTextView'.
e: file:///Users/sureshbalasubramanian/Documents/Projects.nosync/Android_enKarma/enKarma/app/src/main/java/com/karma/sureshtrb/enKarma/MahalayaTpnmActivity.kt:2481:33 Unresolved reference 'MahalayaTPNMTextView'.
e: file:///Users/sureshbalasubramanian/Documents/Projects.nosync/Android_enKarma/enKarma/app/src/main/java/com/karma/sureshtrb/enKarma/MahalayaTpnmActivity.kt:2485:35 Unresolved reference 'MahalayaTPNMTextView'.
e: file:///Users/sureshbalasubramanian/Documents/Projects.nosync/Android_enKarma/enKarma/app/src/main/java/com/karma/sureshtrb/enKarma/MahalayaTpnmActivity.kt:2486:33 Unresolved reference 'MahalayaTPNMTextView'.
e: file:///Users/sureshbalasubramanian/Documents/Projects.nosync/Android_enKarma/enKarma/app/src/main/java/com/karma/sureshtrb/enKarma/MahalayaTpnmActivity.kt:2488:35 Unresolved reference 'MahalayaTPNMTextView'.
e: file:///Users/sureshbalasubramanian/Documents/Projects.nosync/Android_enKarma/enKarma/app/src/main/java/com/karma/sureshtrb/enKarma/MahalayaTpnmActivity.kt:2489:33 Unresolved reference 'MahalayaTPNMTextView'.
e: file:///Users/sureshbalasubramanian/Documents/Projects.nosync/Android_enKarma/enKarma/app/src/main/java/com/karma/sureshtrb/enKarma/MahalayaTpnmActivity.kt:2493:35 Unresolved reference 'MahalayaTPNMTextView'.
e: file:///Users/sureshbalasubramanian/Documents/Projects.nosync/Android_enKarma/enKarma/app/src/main/java/com/karma/sureshtrb/enKarma/MahalayaTpnmActivity.kt:2494:33 Unresolved reference 'MahalayaTPNMTextView'.
e: file:///Users/sureshbalasubramanian/Documents/Projects.nosync/Android_enKarma/enKarma/app/src/main/java/com/karma/sureshtrb/enKarma/MahalayaTpnmActivity.kt:2496:35 Unresolved reference 'MahalayaTPNMTextView'.
e: file:///Users/sureshbalasubramanian/Documents/Projects.nosync/Android_enKarma/enKarma/app/src/main/java/com/karma/sureshtrb/enKarma/MahalayaTpnmActivity.kt:2497:33 Unresolved reference 'MahalayaTPNMTextView'.
e: file:///Users/sureshbalasubramanian/Documents/Projects.nosync/Android_enKarma/enKarma/app/src/main/java/com/karma/sureshtrb/enKarma/MahalayaTpnmActivity.kt:2501:35 Unresolved reference 'MahalayaTPNMTextView'.
e: file:///Users/sureshbalasubramanian/Documents/Projects.nosync/Android_enKarma/enKarma/app/src/main/java/com/karma/sureshtrb/enKarma/MahalayaTpnmActivity.kt:2502:33 Unresolved reference 'MahalayaTPNMTextView'.
e: file:///Users/sureshbalasubramanian/Documents/Projects.nosync/Android_enKarma/enKarma/app/src/main/java/com/karma/sureshtrb/enKarma/MahalayaTpnmActivity.kt:2504:35 Unresolved reference 'MahalayaTPNMTextView'.
e: file:///Users/sureshbalasubramanian/Documents/Projects.nosync/Android_enKarma/enKarma/app/src/main/java/com/karma/sureshtrb/enKarma/MahalayaTpnmActivity.kt:2505:33 Unresolved reference 'MahalayaTPNMTextView'.
e: file:///Users/sureshbalasubramanian/Documents/Projects.nosync/Android_enKarma/enKarma/app/src/main/java/com/karma/sureshtrb/enKarma/MahalayaTpnmActivity.kt:2509:35 Unresolved reference 'MahalayaTPNMTextView'.
e: file:///Users/sureshbalasubramanian/Documents/Projects.nosync/Android_enKarma/enKarma/app/src/main/java/com/karma/sureshtrb/enKarma/MahalayaTpnmActivity.kt:2510:33 Unresolved reference 'MahalayaTPNMTextView'.
e: file:///Users/sureshbalasubramanian/Documents/Projects.nosync/Android_enKarma/enKarma/app/src/main/java/com/karma/sureshtrb/enKarma/MahalayaTpnmActivity.kt:2512:35 Unresolved reference 'MahalayaTPNMTextView'.
e: file:///Users/sureshbalasubramanian/Documents/Projects.nosync/Android_enKarma/enKarma/app/src/main/java/com/karma/sureshtrb/enKarma/MahalayaTpnmActivity.kt:2513:33 Unresolved reference 'MahalayaTPNMTextView'.
e: file:///Users/sureshbalasubramanian/Documents/Projects.nosync/Android_enKarma/enKarma/app/src/main/java/com/karma/sureshtrb/enKarma/MahalayaTpnmActivity.kt:2517:35 Unresolved reference 'MahalayaTPNMTextView'.
e: file:///Users/sureshbalasubramanian/Documents/Projects.nosync/Android_enKarma/enKarma/app/src/main/java/com/karma/sureshtrb/enKarma/MahalayaTpnmActivity.kt:2518:33 Unresolved reference 'MahalayaTPNMTextView'.
e: file:///Users/sureshbalasubramanian/Documents/Projects.nosync/Android_enKarma/enKarma/app/src/main/java/com/karma/sureshtrb/enKarma/MahalayaTpnmActivity.kt:2520:35 Unresolved reference 'MahalayaTPNMTextView'.
e: file:///Users/sureshbalasubramanian/Documents/Projects.nosync/Android_enKarma/enKarma/app/src/main/java/com/karma/sureshtrb/enKarma/MahalayaTpnmActivity.kt:2521:33 Unresolved reference 'MahalayaTPNMTextView'.
e: file:///Users/sureshbalasubramanian/Documents/Projects.nosync/Android_enKarma/enKarma/app/src/main/java/com/karma/sureshtrb/enKarma/MahalayaTpnmActivity.kt:3098:66 Unresolved reference 'MGothram'.
e: file:///Users/sureshbalasubramanian/Documents/Projects.nosync/Android_enKarma/enKarma/app/src/main/java/com/karma/sureshtrb/enKarma/MahalayaTpnmActivity.kt:3105:69 Unresolved reference 'MGothram'.
e: file:///Users/sureshbalasubramanian/Documents/Projects.nosync/Android_enKarma/enKarma/app/src/main/java/com/karma/sureshtrb/enKarma/MahalayaTpnmActivity.kt:3494:66 Unresolved reference 'MGothram'.
e: file:///Users/sureshbalasubramanian/Documents/Projects.nosync/Android_enKarma/enKarma/app/src/main/java/com/karma/sureshtrb/enKarma/MahalayaTpnmActivity.kt:3529:66 Unresolved reference 'MGothram'.
e: file:///Users/sureshbalasubramanian/Documents/Projects.nosync/Android_enKarma/enKarma/app/src/main/java/com/karma/sureshtrb/enKarma/MahalayaTpnmActivity.kt:3927:66 Unresolved reference 'MGothram'.
e: file:///Users/sureshbalasubramanian/Documents/Projects.nosync/Android_enKarma/enKarma/app/src/main/java/com/karma/sureshtrb/enKarma/MahalayaTpnmActivity.kt:3940:64 Unresolved reference 'MGothram'.
e: file:///Users/sureshbalasubramanian/Documents/Projects.nosync/Android_enKarma/enKarma/app/src/main/java/com/karma/sureshtrb/enKarma/MahalayaTpnmActivity.kt:3953:66 Unresolved reference 'MGothram'.
e: file:///Users/sureshbalasubramanian/Documents/Projects.nosync/Android_enKarma/enKarma/app/src/main/java/com/karma/sureshtrb/enKarma/MahalayaTpnmActivity.kt:3965:66 Unresolved reference 'MGothram'.
e: file:///Users/sureshbalasubramanian/Documents/Projects.nosync/Android_enKarma/enKarma/app/src/main/java/com/karma/sureshtrb/enKarma/MahalayaTpnmActivity.kt:3978:67 Unresolved reference 'MGothram'.
e: file:///Users/sureshbalasubramanian/Documents/Projects.nosync/Android_enKarma/enKarma/app/src/main/java/com/karma/sureshtrb/enKarma/MahalayaTpnmActivity.kt:3991:67 Unresolved reference 'MGothram'.
e: file:///Users/sureshbalasubramanian/Documents/Projects.nosync/Android_enKarma/enKarma/app/src/main/java/com/karma/sureshtrb/enKarma/MahalayaTpnmActivity.kt:4003:66 Unresolved reference 'MGothram'.
e: file:///Users/sureshbalasubramanian/Documents/Projects.nosync/Android_enKarma/enKarma/app/src/main/java/com/karma/sureshtrb/enKarma/MahalayaTpnmActivity.kt:4015:66 Unresolved reference 'MGothram'.
e: file:///Users/sureshbalasubramanian/Documents/Projects.nosync/Android_enKarma/enKarma/app/src/main/java/com/karma/sureshtrb/enKarma/MahalayaTpnmActivity.kt:4027:66 Unresolved reference 'MGothram'.
e: file:///Users/sureshbalasubramanian/Documents/Projects.nosync/Android_enKarma/enKarma/app/src/main/java/com/karma/sureshtrb/enKarma/MahalayaTpnmActivity.kt:4047:69 Unresolved reference 'MGothram'.
e: file:///Users/sureshbalasubramanian/Documents/Projects.nosync/Android_enKarma/enKarma/app/src/main/java/com/karma/sureshtrb/enKarma/MahalayaTpnmActivity.kt:4060:67 Unresolved reference 'MGothram'.
e: file:///Users/sureshbalasubramanian/Documents/Projects.nosync/Android_enKarma/enKarma/app/src/main/java/com/karma/sureshtrb/enKarma/MahalayaTpnmActivity.kt:4073:69 Unresolved reference 'MGothram'.
e: file:///Users/sureshbalasubramanian/Documents/Projects.nosync/Android_enKarma/enKarma/app/src/main/java/com/karma/sureshtrb/enKarma/MahalayaTpnmActivity.kt:4085:69 Unresolved reference 'MGothram'.
e: file:///Users/sureshbalasubramanian/Documents/Projects.nosync/Android_enKarma/enKarma/app/src/main/java/com/karma/sureshtrb/enKarma/MahalayaTpnmActivity.kt:4098:70 Unresolved reference 'MGothram'.
e: file:///Users/sureshbalasubramanian/Documents/Projects.nosync/Android_enKarma/enKarma/app/src/main/java/com/karma/sureshtrb/enKarma/MahalayaTpnmActivity.kt:4111:70 Unresolved reference 'MGothram'.
e: file:///Users/sureshbalasubramanian/Documents/Projects.nosync/Android_enKarma/enKarma/app/src/main/java/com/karma/sureshtrb/enKarma/MahalayaTpnmActivity.kt:4123:69 Unresolved reference 'MGothram'.
e: file:///Users/sureshbalasubramanian/Documents/Projects.nosync/Android_enKarma/enKarma/app/src/main/java/com/karma/sureshtrb/enKarma/MahalayaTpnmActivity.kt:4135:69 Unresolved reference 'MGothram'.
e: file:///Users/sureshbalasubramanian/Documents/Projects.nosync/Android_enKarma/enKarma/app/src/main/java/com/karma/sureshtrb/enKarma/MahalayaTpnmActivity.kt:4147:69 Unresolved reference 'MGothram'.
e: file:///Users/sureshbalasubramanian/Documents/Projects.nosync/Android_enKarma/enKarma/app/src/main/java/com/karma/sureshtrb/enKarma/MahalayaTpnmActivity.kt:6906:9 Unresolved reference 'MFatherLive'.
e: file:///Users/sureshbalasubramanian/Documents/Projects.nosync/Android_enKarma/enKarma/app/src/main/java/com/karma/sureshtrb/enKarma/MahalayaTpnmActivity.kt:6917:9 Unresolved reference 'MFatherLive'.
e: file:///Users/sureshbalasubramanian/Documents/Projects.nosync/Android_enKarma/enKarma/app/src/main/java/com/karma/sureshtrb/enKarma/MahalayaTpnmActivity.kt:6945:17 Unresolved reference 'Gndr1'.
e: file:///Users/sureshbalasubramanian/Documents/Projects.nosync/Android_enKarma/enKarma/app/src/main/java/com/karma/sureshtrb/enKarma/MahalayaTpnmActivity.kt:6947:17 Unresolved reference 'Gndr1'.
e: file:///Users/sureshbalasubramanian/Documents/Projects.nosync/Android_enKarma/enKarma/app/src/main/java/com/karma/sureshtrb/enKarma/MahalayaTpnmActivity.kt:6949:17 Unresolved reference 'Gndr1'.
e: file:///Users/sureshbalasubramanian/Documents/Projects.nosync/Android_enKarma/enKarma/app/src/main/java/com/karma/sureshtrb/enKarma/MahalayaTpnmActivity.kt:6953:17 Unresolved reference 'Gndr2'.
e: file:///Users/sureshbalasubramanian/Documents/Projects.nosync/Android_enKarma/enKarma/app/src/main/java/com/karma/sureshtrb/enKarma/MahalayaTpnmActivity.kt:6955:17 Unresolved reference 'Gndr2'.
e: file:///Users/sureshbalasubramanian/Documents/Projects.nosync/Android_enKarma/enKarma/app/src/main/java/com/karma/sureshtrb/enKarma/MahalayaTpnmActivity.kt:6957:17 Unresolved reference 'Gndr2'.
e: file:///Users/sureshbalasubramanian/Documents/Projects.nosync/Android_enKarma/enKarma/app/src/main/java/com/karma/sureshtrb/enKarma/MahalayaTpnmActivity.kt:6961:17 Unresolved reference 'Gndr3'.
e: file:///Users/sureshbalasubramanian/Documents/Projects.nosync/Android_enKarma/enKarma/app/src/main/java/com/karma/sureshtrb/enKarma/MahalayaTpnmActivity.kt:6963:17 Unresolved reference 'Gndr3'.
e: file:///Users/sureshbalasubramanian/Documents/Projects.nosync/Android_enKarma/enKarma/app/src/main/java/com/karma/sureshtrb/enKarma/MahalayaTpnmActivity.kt:6965:17 Unresolved reference 'Gndr3'.
e: file:///Users/sureshbalasubramanian/Documents/Projects.nosync/Android_enKarma/enKarma/app/src/main/java/com/karma/sureshtrb/enKarma/MahalayaTpnmActivity.kt:6969:17 Unresolved reference 'Gndr4'.
e: file:///Users/sureshbalasubramanian/Documents/Projects.nosync/Android_enKarma/enKarma/app/src/main/java/com/karma/sureshtrb/enKarma/MahalayaTpnmActivity.kt:6971:17 Unresolved reference 'Gndr4'.
e: file:///Users/sureshbalasubramanian/Documents/Projects.nosync/Android_enKarma/enKarma/app/src/main/java/com/karma/sureshtrb/enKarma/MahalayaTpnmActivity.kt:6973:17 Unresolved reference 'Gndr4'.
e: file:///Users/sureshbalasubramanian/Documents/Projects.nosync/Android_enKarma/enKarma/app/src/main/java/com/karma/sureshtrb/enKarma/MahalayaTpnmActivity.kt:6977:17 Unresolved reference 'Gndr5'.
e: file:///Users/sureshbalasubramanian/Documents/Projects.nosync/Android_enKarma/enKarma/app/src/main/java/com/karma/sureshtrb/enKarma/MahalayaTpnmActivity.kt:6979:17 Unresolved reference 'Gndr5'.
e: file:///Users/sureshbalasubramanian/Documents/Projects.nosync/Android_enKarma/enKarma/app/src/main/java/com/karma/sureshtrb/enKarma/MahalayaTpnmActivity.kt:6981:17 Unresolved reference 'Gndr5'.
e: file:///Users/sureshbalasubramanian/Documents/Projects.nosync/Android_enKarma/enKarma/app/src/main/java/com/karma/sureshtrb/enKarma/MahalayaTpnmActivity.kt:6985:17 Unresolved reference 'Gndr6'.
e: file:///Users/sureshbalasubramanian/Documents/Projects.nosync/Android_enKarma/enKarma/app/src/main/java/com/karma/sureshtrb/enKarma/MahalayaTpnmActivity.kt:6987:17 Unresolved reference 'Gndr6'.
e: file:///Users/sureshbalasubramanian/Documents/Projects.nosync/Android_enKarma/enKarma/app/src/main/java/com/karma/sureshtrb/enKarma/MahalayaTpnmActivity.kt:6989:17 Unresolved reference 'Gndr6'.
e: file:///Users/sureshbalasubramanian/Documents/Projects.nosync/Android_enKarma/enKarma/app/src/main/java/com/karma/sureshtrb/enKarma/MahalayaTpnmActivity.kt:6993:17 Unresolved reference 'Gndr7'.
e: file:///Users/sureshbalasubramanian/Documents/Projects.nosync/Android_enKarma/enKarma/app/src/main/java/com/karma/sureshtrb/enKarma/MahalayaTpnmActivity.kt:6995:17 Unresolved reference 'Gndr7'.
e: file:///Users/sureshbalasubramanian/Documents/Projects.nosync/Android_enKarma/enKarma/app/src/main/java/com/karma/sureshtrb/enKarma/MahalayaTpnmActivity.kt:6997:17 Unresolved reference 'Gndr7'.
e: file:///Users/sureshbalasubramanian/Documents/Projects.nosync/Android_enKarma/enKarma/app/src/main/java/com/karma/sureshtrb/enKarma/MahalayaTpnmActivity.kt:7001:17 Unresolved reference 'Gndr8'.
e: file:///Users/sureshbalasubramanian/Documents/Projects.nosync/Android_enKarma/enKarma/app/src/main/java/com/karma/sureshtrb/enKarma/MahalayaTpnmActivity.kt:7003:17 Unresolved reference 'Gndr8'.
e: file:///Users/sureshbalasubramanian/Documents/Projects.nosync/Android_enKarma/enKarma/app/src/main/java/com/karma/sureshtrb/enKarma/MahalayaTpnmActivity.kt:7005:17 Unresolved reference 'Gndr8'.
e: file:///Users/sureshbalasubramanian/Documents/Projects.nosync/Android_enKarma/enKarma/app/src/main/java/com/karma/sureshtrb/enKarma/MahalayaTpnmActivity.kt:7009:17 Unresolved reference 'Gndr9'.
e: file:///Users/sureshbalasubramanian/Documents/Projects.nosync/Android_enKarma/enKarma/app/src/main/java/com/karma/sureshtrb/enKarma/MahalayaTpnmActivity.kt:7011:17 Unresolved reference 'Gndr9'.
e: file:///Users/sureshbalasubramanian/Documents/Projects.nosync/Android_enKarma/enKarma/app/src/main/java/com/karma/sureshtrb/enKarma/MahalayaTpnmActivity.kt:7013:17 Unresolved reference 'Gndr9'.
e: file:///Users/sureshbalasubramanian/Documents/Projects.nosync/Android_enKarma/enKarma/app/src/main/java/com/karma/sureshtrb/enKarma/MahalayaTpnmActivity.kt:7017:17 Unresolved reference 'Gndr10'.
e: file:///Users/sureshbalasubramanian/Documents/Projects.nosync/Android_enKarma/enKarma/app/src/main/java/com/karma/sureshtrb/enKarma/MahalayaTpnmActivity.kt:7019:17 Unresolved reference 'Gndr10'.
e: file:///Users/sureshbalasubramanian/Documents/Projects.nosync/Android_enKarma/enKarma/app/src/main/java/com/karma/sureshtrb/enKarma/MahalayaTpnmActivity.kt:7021:17 Unresolved reference 'Gndr10'.
e: file:///Users/sureshbalasubramanian/Documents/Projects.nosync/Android_enKarma/enKarma/app/src/main/java/com/karma/sureshtrb/enKarma/MahalayaTpnmActivity.kt:7025:17 Unresolved reference 'Gndr11'.
e: file:///Users/sureshbalasubramanian/Documents/Projects.nosync/Android_enKarma/enKarma/app/src/main/java/com/karma/sureshtrb/enKarma/MahalayaTpnmActivity.kt:7027:17 Unresolved reference 'Gndr11'.
e: file:///Users/sureshbalasubramanian/Documents/Projects.nosync/Android_enKarma/enKarma/app/src/main/java/com/karma/sureshtrb/enKarma/MahalayaTpnmActivity.kt:7029:17 Unresolved reference 'Gndr11'.
e: file:///Users/sureshbalasubramanian/Documents/Projects.nosync/Android_enKarma/enKarma/app/src/main/java/com/karma/sureshtrb/enKarma/MahalayaTpnmActivity.kt:7033:17 Unresolved reference 'Gndr12'.
e: file:///Users/sureshbalasubramanian/Documents/Projects.nosync/Android_enKarma/enKarma/app/src/main/java/com/karma/sureshtrb/enKarma/MahalayaTpnmActivity.kt:7035:17 Unresolved reference 'Gndr12'.
e: file:///Users/sureshbalasubramanian/Documents/Projects.nosync/Android_enKarma/enKarma/app/src/main/java/com/karma/sureshtrb/enKarma/MahalayaTpnmActivity.kt:7037:17 Unresolved reference 'Gndr12'.
e: file:///Users/sureshbalasubramanian/Documents/Projects.nosync/Android_enKarma/enKarma/app/src/main/java/com/karma/sureshtrb/enKarma/MahalayaTpnmActivity.kt:7041:17 Unresolved reference 'Gndr13'.
e: file:///Users/sureshbalasubramanian/Documents/Projects.nosync/Android_enKarma/enKarma/app/src/main/java/com/karma/sureshtrb/enKarma/MahalayaTpnmActivity.kt:7043:17 Unresolved reference 'Gndr13'.
e: file:///Users/sureshbalasubramanian/Documents/Projects.nosync/Android_enKarma/enKarma/app/src/main/java/com/karma/sureshtrb/enKarma/MahalayaTpnmActivity.kt:7045:17 Unresolved reference 'Gndr13'.
e: file:///Users/sureshbalasubramanian/Documents/Projects.nosync/Android_enKarma/enKarma/app/src/main/java/com/karma/sureshtrb/enKarma/MahalayaTpnmActivity.kt:7049:17 Unresolved reference 'Gndr14'.
e: file:///Users/sureshbalasubramanian/Documents/Projects.nosync/Android_enKarma/enKarma/app/src/main/java/com/karma/sureshtrb/enKarma/MahalayaTpnmActivity.kt:7051:17 Unresolved reference 'Gndr14'.
e: file:///Users/sureshbalasubramanian/Documents/Projects.nosync/Android_enKarma/enKarma/app/src/main/java/com/karma/sureshtrb/enKarma/MahalayaTpnmActivity.kt:7053:17 Unresolved reference 'Gndr14'.
e: file:///Users/sureshbalasubramanian/Documents/Projects.nosync/Android_enKarma/enKarma/app/src/main/java/com/karma/sureshtrb/enKarma/MahalayaTpnmActivity.kt:7057:17 Unresolved reference 'Gndr15'.
e: file:///Users/sureshbalasubramanian/Documents/Projects.nosync/Android_enKarma/enKarma/app/src/main/java/com/karma/sureshtrb/enKarma/MahalayaTpnmActivity.kt:7059:17 Unresolved reference 'Gndr15'.
e: file:///Users/sureshbalasubramanian/Documents/Projects.nosync/Android_enKarma/enKarma/app/src/main/java/com/karma/sureshtrb/enKarma/MahalayaTpnmActivity.kt:7061:17 Unresolved reference 'Gndr15'.
e: file:///Users/sureshbalasubramanian/Documents/Projects.nosync/Android_enKarma/enKarma/app/src/main/java/com/karma/sureshtrb/enKarma/MahalayaTpnmActivity.kt:7067:13 Unresolved reference 'MFatherLive'.
e: file:///Users/sureshbalasubramanian/Documents/Projects.nosync/Android_enKarma/enKarma/app/src/main/java/com/karma/sureshtrb/enKarma/MahalayaTpnmActivity.kt:7137:17 Unresolved reference 'Gndr1'.
e: file:///Users/sureshbalasubramanian/Documents/Projects.nosync/Android_enKarma/enKarma/app/src/main/java/com/karma/sureshtrb/enKarma/MahalayaTpnmActivity.kt:7139:17 Unresolved reference 'Gndr1'.
e: file:///Users/sureshbalasubramanian/Documents/Projects.nosync/Android_enKarma/enKarma/app/src/main/java/com/karma/sureshtrb/enKarma/MahalayaTpnmActivity.kt:7141:17 Unresolved reference 'Gndr1'.
e: file:///Users/sureshbalasubramanian/Documents/Projects.nosync/Android_enKarma/enKarma/app/src/main/java/com/karma/sureshtrb/enKarma/MahalayaTpnmActivity.kt:7145:17 Unresolved reference 'Gndr2'.
e: file:///Users/sureshbalasubramanian/Documents/Projects.nosync/Android_enKarma/enKarma/app/src/main/java/com/karma/sureshtrb/enKarma/MahalayaTpnmActivity.kt:7147:17 Unresolved reference 'Gndr2'.
e: file:///Users/sureshbalasubramanian/Documents/Projects.nosync/Android_enKarma/enKarma/app/src/main/java/com/karma/sureshtrb/enKarma/MahalayaTpnmActivity.kt:7149:17 Unresolved reference 'Gndr2'.
e: file:///Users/sureshbalasubramanian/Documents/Projects.nosync/Android_enKarma/enKarma/app/src/main/java/com/karma/sureshtrb/enKarma/MahalayaTpnmActivity.kt:7153:17 Unresolved reference 'Gndr3'.
e: file:///Users/sureshbalasubramanian/Documents/Projects.nosync/Android_enKarma/enKarma/app/src/main/java/com/karma/sureshtrb/enKarma/MahalayaTpnmActivity.kt:7155:17 Unresolved reference 'Gndr3'.
e: file:///Users/sureshbalasubramanian/Documents/Projects.nosync/Android_enKarma/enKarma/app/src/main/java/com/karma/sureshtrb/enKarma/MahalayaTpnmActivity.kt:7157:17 Unresolved reference 'Gndr3'.
e: file:///Users/sureshbalasubramanian/Documents/Projects.nosync/Android_enKarma/enKarma/app/src/main/java/com/karma/sureshtrb/enKarma/MahalayaTpnmActivity.kt:7161:17 Unresolved reference 'Gndr4'.
e: file:///Users/sureshbalasubramanian/Documents/Projects.nosync/Android_enKarma/enKarma/app/src/main/java/com/karma/sureshtrb/enKarma/MahalayaTpnmActivity.kt:7163:17 Unresolved reference 'Gndr4'.
e: file:///Users/sureshbalasubramanian/Documents/Projects.nosync/Android_enKarma/enKarma/app/src/main/java/com/karma/sureshtrb/enKarma/MahalayaTpnmActivity.kt:7165:17 Unresolved reference 'Gndr4'.
e: file:///Users/sureshbalasubramanian/Documents/Projects.nosync/Android_enKarma/enKarma/app/src/main/java/com/karma/sureshtrb/enKarma/MahalayaTpnmActivity.kt:7169:17 Unresolved reference 'Gndr5'.
e: file:///Users/sureshbalasubramanian/Documents/Projects.nosync/Android_enKarma/enKarma/app/src/main/java/com/karma/sureshtrb/enKarma/MahalayaTpnmActivity.kt:7171:17 Unresolved reference 'Gndr5'.
e: file:///Users/sureshbalasubramanian/Documents/Projects.nosync/Android_enKarma/enKarma/app/src/main/java/com/karma/sureshtrb/enKarma/MahalayaTpnmActivity.kt:7173:17 Unresolved reference 'Gndr5'.
e: file:///Users/sureshbalasubramanian/Documents/Projects.nosync/Android_enKarma/enKarma/app/src/main/java/com/karma/sureshtrb/enKarma/MahalayaTpnmActivity.kt:7177:17 Unresolved reference 'Gndr6'.
e: file:///Users/sureshbalasubramanian/Documents/Projects.nosync/Android_enKarma/enKarma/app/src/main/java/com/karma/sureshtrb/enKarma/MahalayaTpnmActivity.kt:7179:17 Unresolved reference 'Gndr6'.
e: file:///Users/sureshbalasubramanian/Documents/Projects.nosync/Android_enKarma/enKarma/app/src/main/java/com/karma/sureshtrb/enKarma/MahalayaTpnmActivity.kt:7181:17 Unresolved reference 'Gndr6'.
e: file:///Users/sureshbalasubramanian/Documents/Projects.nosync/Android_enKarma/enKarma/app/src/main/java/com/karma/sureshtrb/enKarma/MahalayaTpnmActivity.kt:7185:17 Unresolved reference 'Gndr7'.
e: file:///Users/sureshbalasubramanian/Documents/Projects.nosync/Android_enKarma/enKarma/app/src/main/java/com/karma/sureshtrb/enKarma/MahalayaTpnmActivity.kt:7187:17 Unresolved reference 'Gndr7'.
e: file:///Users/sureshbalasubramanian/Documents/Projects.nosync/Android_enKarma/enKarma/app/src/main/java/com/karma/sureshtrb/enKarma/MahalayaTpnmActivity.kt:7189:17 Unresolved reference 'Gndr7'.
e: file:///Users/sureshbalasubramanian/Documents/Projects.nosync/Android_enKarma/enKarma/app/src/main/java/com/karma/sureshtrb/enKarma/MahalayaTpnmActivity.kt:7193:17 Unresolved reference 'Gndr8'.
e: file:///Users/sureshbalasubramanian/Documents/Projects.nosync/Android_enKarma/enKarma/app/src/main/java/com/karma/sureshtrb/enKarma/MahalayaTpnmActivity.kt:7195:17 Unresolved reference 'Gndr8'.
e: file:///Users/sureshbalasubramanian/Documents/Projects.nosync/Android_enKarma/enKarma/app/src/main/java/com/karma/sureshtrb/enKarma/MahalayaTpnmActivity.kt:7197:17 Unresolved reference 'Gndr8'.
e: file:///Users/sureshbalasubramanian/Documents/Projects.nosync/Android_enKarma/enKarma/app/src/main/java/com/karma/sureshtrb/enKarma/MahalayaTpnmActivity.kt:7201:17 Unresolved reference 'Gndr9'.
e: file:///Users/sureshbalasubramanian/Documents/Projects.nosync/Android_enKarma/enKarma/app/src/main/java/com/karma/sureshtrb/enKarma/MahalayaTpnmActivity.kt:7203:17 Unresolved reference 'Gndr9'.
e: file:///Users/sureshbalasubramanian/Documents/Projects.nosync/Android_enKarma/enKarma/app/src/main/java/com/karma/sureshtrb/enKarma/MahalayaTpnmActivity.kt:7205:17 Unresolved reference 'Gndr9'.
e: file:///Users/sureshbalasubramanian/Documents/Projects.nosync/Android_enKarma/enKarma/app/src/main/java/com/karma/sureshtrb/enKarma/MahalayaTpnmActivity.kt:7209:17 Unresolved reference 'Gndr10'.
e: file:///Users/sureshbalasubramanian/Documents/Projects.nosync/Android_enKarma/enKarma/app/src/main/java/com/karma/sureshtrb/enKarma/MahalayaTpnmActivity.kt:7211:17 Unresolved reference 'Gndr10'.
e: file:///Users/sureshbalasubramanian/Documents/Projects.nosync/Android_enKarma/enKarma/app/src/main/java/com/karma/sureshtrb/enKarma/MahalayaTpnmActivity.kt:7213:17 Unresolved reference 'Gndr10'.
e: file:///Users/sureshbalasubramanian/Documents/Projects.nosync/Android_enKarma/enKarma/app/src/main/java/com/karma/sureshtrb/enKarma/MahalayaTpnmActivity.kt:7217:17 Unresolved reference 'Gndr11'.
e: file:///Users/sureshbalasubramanian/Documents/Projects.nosync/Android_enKarma/enKarma/app/src/main/java/com/karma/sureshtrb/enKarma/MahalayaTpnmActivity.kt:7219:17 Unresolved reference 'Gndr11'.
e: file:///Users/sureshbalasubramanian/Documents/Projects.nosync/Android_enKarma/enKarma/app/src/main/java/com/karma/sureshtrb/enKarma/MahalayaTpnmActivity.kt:7221:17 Unresolved reference 'Gndr11'.
e: file:///Users/sureshbalasubramanian/Documents/Projects.nosync/Android_enKarma/enKarma/app/src/main/java/com/karma/sureshtrb/enKarma/MahalayaTpnmActivity.kt:7225:17 Unresolved reference 'Gndr12'.
e: file:///Users/sureshbalasubramanian/Documents/Projects.nosync/Android_enKarma/enKarma/app/src/main/java/com/karma/sureshtrb/enKarma/MahalayaTpnmActivity.kt:7227:17 Unresolved reference 'Gndr12'.
e: file:///Users/sureshbalasubramanian/Documents/Projects.nosync/Android_enKarma/enKarma/app/src/main/java/com/karma/sureshtrb/enKarma/MahalayaTpnmActivity.kt:7229:17 Unresolved reference 'Gndr12'.
e: file:///Users/sureshbalasubramanian/Documents/Projects.nosync/Android_enKarma/enKarma/app/src/main/java/com/karma/sureshtrb/enKarma/MahalayaTpnmActivity.kt:7233:17 Unresolved reference 'Gndr13'.
e: file:///Users/sureshbalasubramanian/Documents/Projects.nosync/Android_enKarma/enKarma/app/src/main/java/com/karma/sureshtrb/enKarma/MahalayaTpnmActivity.kt:7235:17 Unresolved reference 'Gndr13'.
e: file:///Users/sureshbalasubramanian/Documents/Projects.nosync/Android_enKarma/enKarma/app/src/main/java/com/karma/sureshtrb/enKarma/MahalayaTpnmActivity.kt:7237:17 Unresolved reference 'Gndr13'.
e: file:///Users/sureshbalasubramanian/Documents/Projects.nosync/Android_enKarma/enKarma/app/src/main/java/com/karma/sureshtrb/enKarma/MahalayaTpnmActivity.kt:7241:17 Unresolved reference 'Gndr14'.
e: file:///Users/sureshbalasubramanian/Documents/Projects.nosync/Android_enKarma/enKarma/app/src/main/java/com/karma/sureshtrb/enKarma/MahalayaTpnmActivity.kt:7243:17 Unresolved reference 'Gndr14'.
e: file:///Users/sureshbalasubramanian/Documents/Projects.nosync/Android_enKarma/enKarma/app/src/main/java/com/karma/sureshtrb/enKarma/MahalayaTpnmActivity.kt:7245:17 Unresolved reference 'Gndr14'.
e: file:///Users/sureshbalasubramanian/Documents/Projects.nosync/Android_enKarma/enKarma/app/src/main/java/com/karma/sureshtrb/enKarma/MahalayaTpnmActivity.kt:7249:17 Unresolved reference 'Gndr15'.
e: file:///Users/sureshbalasubramanian/Documents/Projects.nosync/Android_enKarma/enKarma/app/src/main/java/com/karma/sureshtrb/enKarma/MahalayaTpnmActivity.kt:7251:17 Unresolved reference 'Gndr15'.
e: file:///Users/sureshbalasubramanian/Documents/Projects.nosync/Android_enKarma/enKarma/app/src/main/java/com/karma/sureshtrb/enKarma/MahalayaTpnmActivity.kt:7253:17 Unresolved reference 'Gndr15'.
e: file:///Users/sureshbalasubramanian/Documents/Projects.nosync/Android_enKarma/enKarma/app/src/main/java/com/karma/sureshtrb/enKarma/MahalayaTpnmActivity.kt:7258:13 Unresolved reference 'MFatherLive'.
e: file:///Users/sureshbalasubramanian/Documents/Projects.nosync/Android_enKarma/enKarma/app/src/main/java/com/karma/sureshtrb/enKarma/PariActivity.kt:41:37 Unresolved reference 'toolbar'.
e: file:///Users/sureshbalasubramanian/Documents/Projects.nosync/Android_enKarma/enKarma/app/src/main/java/com/karma/sureshtrb/enKarma/RowData.kt:10:12 Redeclaration:
data class RowData : Any
e: file:///Users/sureshbalasubramanian/Documents/Projects.nosync/Android_enKarma/enKarma/app/src/main/java/com/karma/sureshtrb/enKarma/RowData.kt:19:7 Redeclaration:
class RowDataAdapter : RecyclerView.Adapter<RowDataAdapter.ViewHolder>
e: file:///Users/sureshbalasubramanian/Documents/Projects.nosync/Android_enKarma/enKarma/app/src/main/java/com/karma/sureshtrb/enKarma/RowDataAdapter.kt:11:12 Redeclaration:
data class RowData : Any
e: file:///Users/sureshbalasubramanian/Documents/Projects.nosync/Android_enKarma/enKarma/app/src/main/java/com/karma/sureshtrb/enKarma/RowDataAdapter.kt:20:7 Redeclaration:
class RowDataAdapter : RecyclerView.Adapter<RowDataAdapter.ViewHolder>

> Task :app:compileDebugKotlin FAILED

FAILURE: Build failed with an exception.

* What went wrong:
Execution failed for task ':app:compileDebugKotlin'.
> A failure occurred while executing org.jetbrains.kotlin.compilerRunner.GradleCompilerRunnerWithWorkers$GradleKotlinCompilerWorkAction
   > Compilation error. See log for more details

* Try:
> Run with --stacktrace option to get the stack trace.
> Run with --info or --debug option to get more log output.
> Run with --scan to get full insights.
> Get more help at https://help.gradle.org.

BUILD FAILED in 4m 1s
34 actionable tasks: 22 executed, 11 from cache, 1 up-to-date
